Depth,Temp,Sal,,,,,,,,,,Depth,Temp,Sal,,,,Depth,Temperature,Sal
2,28.21,36.32,,,,,,,,,,2,28.21,36.84,,,,2,25.21,36.32
3,28.2,36.32,,,,,,,,,,3,28.2,36.84,,,,3,25.2,36.32
4,28.18,36.32,,,,,,,,,,4,28.18,36.84,,,,4,25.18,36.32
5,27.84,36.35,,,,,,,,,,5,27.84,36.87,,,,5,24.84,36.35
6,28.08,36.31,,,,,,,,,,6,28.08,36.83,,,,6,25.08,36.31
7,28,36.32,,,,,,,,,,7,28,36.84,,,,7,25,36.32
8,27.91,36.32,,,,,,,,,,8,27.91,36.84,,,,8,24.91,36.32
9,27.84,36.31,,,,,,,,,,9,27.84,36.83,,,,9,24.84,36.31
10,27.83,36.31,,,,,,,,,,10,27.83,36.83,,,,10,24.83,36.31
11,27.83,36.31,,,,,,,,,,11,27.83,36.83,,,,11,24.83,36.31
12,28.22,36.33,,,,,,,,,,12,28.22,36.85,,,,12,25.22,36.33
13,27.8,36.31,,,,,,,,,,13,27.8,36.83,,,,13,24.8,36.31
14,27.75,36.3,,,,,,,,,,14,27.75,36.82,,,,14,24.75,36.3
15,27.68,36.3,,,,,,,,,,15,27.68,36.82,,,,15,24.68,36.3
16,27.57,36.31,,,,,,,,,,16,27.57,36.83,,,,16,24.57,36.31
17,27.83,36.35,,,,,,,,,,17,27.83,36.87,,,,17,24.83,36.35
18,27.35,36.27,,,,,,,,,,18,27.35,36.79,,,,18,24.35,36.27
19,27.26,36.26,,,,,,,,,,19,27.26,36.78,,,,19,24.26,36.26
20,27.15,36.25,,,,,,,,,,20,27.15,36.77,,,,20,24.15,36.25
21,27.11,36.25,,,,,,,,,,21,27.11,36.77,,,,21,24.11,36.25
22,27.09,36.25,,,,,,,,,,22,27.09,36.77,,,,22,24.09,36.25
23,27.04,36.25,,,,,,,,,,23,27.04,36.77,,,,23,24.04,36.25
24,27.02,36.25,,,,,,,,,,24,27.02,36.77,,,,24,24.02,36.25
25,26.89,36.23,,,,,,,,,,25,26.89,36.75,,,,25,23.89,36.23
26,26.8,36.21,,,,,,,,,,26,26.8,36.73,,,,26,23.8,36.21
27,26.78,36.21,,,,,,,,,,27,26.78,36.73,,,,27,23.78,36.21
28,26.77,36.21,,,,,,,,,,28,26.77,36.73,,,,28,23.77,36.21
29,26.73,36.21,,,,,,,,,,29,26.73,36.73,,,,29,23.73,36.21
30,26.85,36.24,,,,,,,,,,30,26.85,36.76,,,,30,23.85,36.24
31,26.65,36.23,,,,,,,,,,31,26.65,36.75,,,,31,23.65,36.23
32,26.4,36.18,,,,,,,,,,32,26.4,36.7,,,,32,23.4,36.18
33,26.24,36.15,,,,,,,,,,33,26.24,36.67,,,,33,23.24,36.15
34,26.17,36.15,,,,,,,,,,34,26.17,36.67,,,,34,23.17,36.15
35,26.03,36.14,,,,,,,,,,35,26.03,36.66,,,,35,23.03,36.14
36,25.61,36.22,,,,,,,,,,36,25.61,36.74,,,,36,22.61,36.22
37,25.47,36.22,,,,,,,,,,37,25.47,36.74,,,,37,22.47,36.22
38,25.77,36.13,,,,,,,,,,38,25.77,36.65,,,,38,22.77,36.13
39,25.66,36.13,,,,,,,,,,39,25.66,36.65,,,,39,22.66,36.13
40,25.52,36.13,,,,,,,,,,40,25.52,36.65,,,,40,22.52,36.13
41,25.47,36.15,,,,,,,,,,41,25.47,36.67,,,,41,22.47,36.15
42,25.45,36.15,,,,,,,,,,42,25.45,36.67,,,,42,22.45,36.15
43,24.66,36.25,,,,,,,,,,43,24.66,36.77,,,,43,21.66,36.25
44,24.88,36.15,,,,,,,,,,44,24.88,36.67,,,,44,21.88,36.15
45,24.53,36.1,,,,,,,,,,45,24.53,36.62,,,,45,21.53,36.1
46,24.33,36.1,,,,,,,,,,46,24.33,36.62,,,,46,21.33,36.1
47,24.15,36.09,,,,,,,,,,47,24.15,36.61,,,,47,21.15,36.09
48,24.05,36.08,,,,,,,,,,48,24.05,36.6,,,,48,21.05,36.08
49,24.03,36.26,,,,,,,,,,49,24.03,36.78,,,,49,21.03,36.26
50,23.72,36.1,,,,,,,,,,50,23.72,36.62,,,,50,20.72,36.1
52,23.55,36.11,,,,,,,,,,52,23.55,36.63,,,,52,20.55,36.11
54,23.44,36.13,,,,,,,,,,54,23.44,36.65,,,,54,20.44,36.13
56,23,36.19,,,,,,,,,,56,23,36.71,,,,56,20,36.19
58,22.91,36.13,,,,,,,,,,58,22.91,36.65,,,,58,19.91,36.13
60,21.77,36.57,,,,,,,,,,60,21.77,37.09,,,,60,18.77,36.57
62,22.65,36.42,,,,,,,,,,62,22.65,36.94,,,,62,19.65,36.42
64,22.16,36.35,,,,,,,,,,64,22.16,36.87,,,,64,19.16,36.35
66,20.81,36.4,,,,,,,,,,66,20.81,36.92,,,,66,17.81,36.4
68,20.43,36.36,,,,,,,,,,68,20.43,36.88,,,,68,17.43,36.36
70,20.32,36.36,,,,,,,,,,70,20.32,36.88,,,,70,17.32,36.36
72,21.65,36.48,,,,,,,,,,72,21.65,37,,,,72,18.65,36.48
74,21.7,36.67,,,,,,,,,,74,21.7,37.19,,,,74,18.7,36.67
76,21.93,36.87,,,,,,,,,,76,21.93,37.39,,,,76,18.93,36.87
77,21.7,36.83,,,,,,,,,,77,21.7,37.35,,,,77,18.7,36.83
78,20.16,36.46,,,,,,,,,,78,20.16,36.98,,,,78,17.16,36.46
80,20.51,36.56,,,,,,,,,,80,20.51,37.08,,,,80,17.51,36.56
82,19.78,36.44,,,,,,,,,,82,19.78,36.96,,,,82,16.78,36.44
83,19.58,36.41,,,,,,,,,,83,19.58,36.93,,,,83,16.58,36.41
84,21.15,36.92,,,,,,,,,,84,21.15,37.44,,,,84,18.15,36.92
85,21.34,37.03,,,,,,,,,,85,21.34,37.55,,,,85,18.34,37.03
86,20.01,36.51,,,,,,,,,,86,20.01,37.03,,,,86,17.01,36.51
87,19.97,36.54,,,,,,,,,,87,19.97,37.06,,,,87,16.97,36.54
88,21.36,37.06,,,,,,,,,,88,21.36,37.58,,,,88,18.36,37.06
89,19.95,36.58,,,,,,,,,,89,19.95,37.1,,,,89,16.95,36.58
91,21.2,37.03,,,,,,,,,,91,21.2,37.55,,,,91,18.2,37.03
92,18.87,36.36,,,,,,,,,,92,18.87,36.88,,,,92,15.87,36.36
93,21,37,,,,,,,,,,93,21,37.52,,,,93,18,37
94,20.34,36.85,,,,,,,,,,94,20.34,37.37,,,,94,17.34,36.85
95,18.83,36.38,,,,,,,,,,95,18.83,36.9,,,,95,15.83,36.38
96,20.79,36.96,,,,,,,,,,96,20.79,37.48,,,,96,17.79,36.96
97,20.71,36.94,,,,,,,,,,97,20.71,37.46,,,,97,17.71,36.94
98,19.69,36.72,,,,,,,,,,98,19.69,37.24,,,,98,16.69,36.72
99,20.64,36.92,,,,,,,,,,99,20.64,37.44,,,,99,17.64,36.92
100,19.63,36.71,,,,,,,,,,100,19.63,37.23,,,,100,16.63,36.71
101,19.58,36.71,,,,,,,,,,101,19.58,37.23,,,,101,16.58,36.71
102,20.54,36.9,,,,,,,,,,102,20.54,37.42,,,,102,17.54,36.9
103,19.54,36.7,,,,,,,,,,103,19.54,37.22,,,,103,16.54,36.7
105,19.42,36.69,,,,,,,,,,105,19.42,37.21,,,,105,16.42,36.69
107,18.49,36.46,,,,,,,,,,107,18.49,36.98,,,,107,15.49,36.46
109,19.9,36.78,,,,,,,,,,109,19.9,37.3,,,,109,16.9,36.78
111,18.44,36.49,,,,,,,,,,111,18.44,37.01,,,,111,15.44,36.49
113,18.42,36.48,,,,,,,,,,113,18.42,37,,,,113,15.42,36.48
115,18.89,36.59,,,,,,,,,,115,18.89,37.11,,,,115,15.89,36.59
117,18.95,36.59,,,,,,,,,,117,18.95,37.11,,,,117,15.95,36.59
119,18.54,36.54,,,,,,,,,,119,18.54,37.06,,,,119,15.54,36.54
121,18.37,36.49,,,,,,,,,,121,18.37,37.01,,,,121,15.37,36.49
123,18.21,36.46,,,,,,,,,,123,18.21,36.98,,,,123,15.21,36.46
125,18.5,36.5,,,,,,,,,,125,18.5,37.02,,,,125,15.5,36.5
127,18.24,36.45,,,,,,,,,,127,18.24,36.97,,,,127,15.24,36.45
129,17.79,36.39,,,,,,,,,,129,17.79,36.91,,,,129,14.79,36.39
131,17.98,36.4,,,,,,,,,,131,17.98,36.92,,,,131,14.98,36.4
133,17.61,36.36,,,,,,,,,,133,17.61,36.88,,,,133,14.61,36.36
135,17.47,36.38,,,,,,,,,,135,17.47,36.9,,,,135,14.47,36.38
137,17.28,36.25,,,,,,,,,,137,17.28,36.77,,,,137,14.28,36.25
139,17.21,36.32,,,,,,,,,,139,17.21,36.84,,,,139,14.21,36.32
141,16.75,36.14,,,,,,,,,,141,16.75,36.66,,,,141,13.75,36.14
143,17.15,36.31,,,,,,,,,,143,17.15,36.83,,,,143,14.15,36.31
145,16.37,36.08,,,,,,,,,,145,16.37,36.6,,,,145,13.37,36.08
147,16.99,36.28,,,,,,,,,,147,16.99,36.8,,,,147,13.99,36.28
149,16.11,36.02,,,,,,,,,,149,16.11,36.54,,,,149,13.11,36.02
151,16.87,36.24,,,,,,,,,,151,16.87,36.76,,,,151,13.87,36.24
153,15.92,35.99,,,,,,,,,,153,15.92,36.51,,,,153,12.92,35.99
155,15.83,35.97,,,,,,,,,,155,15.83,36.49,,,,155,12.83,35.97
157,15.77,35.96,,,,,,,,,,157,15.77,36.48,,,,157,12.77,35.96
159,15.65,35.94,,,,,,,,,,159,15.65,36.46,,,,159,12.65,35.94
161,16.13,36.09,,,,,,,,,,161,16.13,36.61,,,,161,13.13,36.09
163,15.44,35.91,,,,,,,,,,163,15.44,36.43,,,,163,12.44,35.91
165,15.28,35.88,,,,,,,,,,165,15.28,36.4,,,,165,12.28,35.88
167,15.66,36,,,,,,,,,,167,15.66,36.52,,,,167,12.66,36
169,15.15,35.86,,,,,,,,,,169,15.15,36.38,,,,169,12.15,35.86
171,15.07,35.84,,,,,,,,,,171,15.07,36.36,,,,171,12.07,35.84
173,15.42,35.96,,,,,,,,,,173,15.42,36.48,,,,173,12.42,35.96
175,15.37,35.95,,,,,,,,,,175,15.37,36.47,,,,175,12.37,35.95
177,15.34,35.94,,,,,,,,,,177,15.34,36.46,,,,177,12.34,35.94
179,14.89,35.81,,,,,,,,,,179,14.89,36.33,,,,179,11.89,35.81
181,14.86,35.8,,,,,,,,,,181,14.86,36.32,,,,181,11.86,35.8
183,14.83,35.81,,,,,,,,,,183,14.83,36.33,,,,183,11.83,35.81
185,14.76,35.8,,,,,,,,,,185,14.76,36.32,,,,185,11.76,35.8
187,14.71,35.78,,,,,,,,,,187,14.71,36.3,,,,187,11.71,35.78
189,14.57,35.76,,,,,,,,,,189,14.57,36.28,,,,189,11.57,35.76
191,14.45,35.74,,,,,,,,,,191,14.45,36.26,,,,191,11.45,35.74
193,14.36,35.71,,,,,,,,,,193,14.36,36.23,,,,193,11.36,35.71
195,14.89,35.88,,,,,,,,,,195,14.89,36.4,,,,195,11.89,35.88
197,14.25,35.7,,,,,,,,,,197,14.25,36.22,,,,197,11.25,35.7
199,14.72,35.84,,,,,,,,,,199,14.72,36.36,,,,199,11.72,35.84
201,14.15,35.69,,,,,,,,,,201,14.15,36.21,,,,201,11.15,35.69
203,14.59,35.82,,,,,,,,,,203,14.59,36.34,,,,203,11.59,35.82
205,14.01,35.67,,,,,,,,,,205,14.01,36.19,,,,205,11.01,35.67
207,13.99,35.66,,,,,,,,,,207,13.99,36.18,,,,207,10.99,35.66
209,14.45,35.8,,,,,,,,,,209,14.45,36.32,,,,209,11.45,35.8
211,14.44,35.75,,,,,,,,,,211,14.44,36.27,,,,211,11.44,35.75
213,14.05,35.7,,,,,,,,,,213,14.05,36.22,,,,213,11.05,35.7
215,14.22,35.75,,,,,,,,,,215,14.22,36.27,,,,215,11.22,35.75
217,14.3,35.78,,,,,,,,,,217,14.3,36.3,,,,217,11.3,35.78
219,14.29,35.78,,,,,,,,,,219,14.29,36.3,,,,219,11.29,35.78
220,14.27,35.78,,,,,,,,,,220,14.27,36.3,,,,220,11.27,35.78
221,14.29,35.73,,,,,,,,,,221,14.29,36.25,,,,221,11.29,35.73
223,14.28,35.79,,,,,,,,,,223,14.28,36.31,,,,223,11.28,35.79
224,13.78,35.64,,,,,,,,,,224,13.78,36.16,,,,224,10.78,35.64
225,14.25,35.79,,,,,,,,,,225,14.25,36.31,,,,225,11.25,35.79
227,14.24,35.79,,,,,,,,,,227,14.24,36.31,,,,227,11.24,35.79
228,14.1,35.71,,,,,,,,,,228,14.1,36.23,,,,228,11.1,35.71
229,14.23,35.79,,,,,,,,,,229,14.23,36.31,,,,229,11.23,35.79
231,14.21,35.78,,,,,,,,,,231,14.21,36.3,,,,231,11.21,35.78
232,13.65,35.63,,,,,,,,,,232,13.65,36.15,,,,232,10.65,35.63
233,14.17,35.78,,,,,,,,,,233,14.17,36.3,,,,233,11.17,35.78
234,13.77,35.69,,,,,,,,,,234,13.77,36.21,,,,234,10.77,35.69
235,14.12,35.77,,,,,,,,,,235,14.12,36.29,,,,235,11.12,35.77
237,14.12,35.77,,,,,,,,,,237,14.12,36.29,,,,237,11.12,35.77
238,14.09,35.76,,,,,,,,,,238,14.09,36.28,,,,238,11.09,35.76
239,13.77,35.65,,,,,,,,,,239,13.77,36.17,,,,239,10.77,35.65
240,13.73,35.68,,,,,,,,,,240,13.73,36.2,,,,240,10.73,35.68
242,13.98,35.75,,,,,,,,,,242,13.98,36.27,,,,242,10.98,35.75
243,13.66,35.67,,,,,,,,,,243,13.66,36.19,,,,243,10.66,35.67
244,13.6,35.65,,,,,,,,,,244,13.6,36.17,,,,244,10.6,35.65
245,13.61,35.63,,,,,,,,,,245,13.61,36.15,,,,245,10.61,35.63
246,13.88,35.74,,,,,,,,,,246,13.88,36.26,,,,246,10.88,35.74
247,13.59,35.63,,,,,,,,,,247,13.59,36.15,,,,247,10.59,35.63
248,13.83,35.73,,,,,,,,,,248,13.83,36.25,,,,248,10.83,35.73
249,13.72,35.69,,,,,,,,,,249,13.72,36.21,,,,249,10.72,35.69
250,13.8,35.73,,,,,,,,,,250,13.8,36.25,,,,250,10.8,35.73
251,13.56,35.63,,,,,,,,,,251,13.56,36.15,,,,251,10.56,35.63
252,13.74,35.72,,,,,,,,,,252,13.74,36.24,,,,252,10.74,35.72
254,13.61,35.67,,,,,,,,,,254,13.61,36.19,,,,254,10.61,35.67
256,13.67,35.7,,,,,,,,,,256,13.67,36.22,,,,256,10.67,35.7
258,13.44,35.64,,,,,,,,,,258,13.44,36.16,,,,258,10.44,35.64
260,13.44,35.65,,,,,,,,,,260,13.44,36.17,,,,260,10.44,35.65
262,13.43,35.62,,,,,,,,,,262,13.43,36.14,,,,262,10.43,35.62
264,13.55,35.68,,,,,,,,,,264,13.55,36.2,,,,264,10.55,35.68
266,13.43,35.62,,,,,,,,,,266,13.43,36.14,,,,266,10.43,35.62
268,13.41,35.65,,,,,,,,,,268,13.41,36.17,,,,268,10.41,35.65
270,13.39,35.65,,,,,,,,,,270,13.39,36.17,,,,270,10.39,35.65
272,13.35,35.64,,,,,,,,,,272,13.35,36.16,,,,272,10.35,35.64
274,13.34,35.64,,,,,,,,,,274,13.34,36.16,,,,274,10.34,35.64
276,13.31,35.64,,,,,,,,,,276,13.31,36.16,,,,276,10.31,35.64
278,13.27,35.64,,,,,,,,,,278,13.27,36.16,,,,278,10.27,35.64
280,13.21,35.63,,,,,,,,,,280,13.21,36.15,,,,280,10.21,35.63
282,13.26,35.64,,,,,,,,,,282,13.26,36.16,,,,282,10.26,35.64
284,13.23,35.64,,,,,,,,,,284,13.23,36.16,,,,284,10.23,35.64
286,13.22,35.63,,,,,,,,,,286,13.22,36.15,,,,286,10.22,35.63
288,13.03,35.6,,,,,,,,,,288,13.03,36.12,,,,288,10.03,35.6
290,13.19,35.64,,,,,,,,,,290,13.19,36.16,,,,290,10.19,35.64
292,13.16,35.63,,,,,,,,,,292,13.16,36.15,,,,292,10.16,35.63
294,13.09,35.62,,,,,,,,,,294,13.09,36.14,,,,294,10.09,35.62
296,12.91,35.58,,,,,,,,,,296,12.91,36.1,,,,296,9.91,35.58
298,12.88,35.58,,,,,,,,,,298,12.88,36.1,,,,298,9.88,35.58
300,12.97,35.6,,,,,,,,,,300,12.97,36.12,,,,300,9.97,35.6
302,12.94,35.6,,,,,,,,,,302,12.94,36.12,,,,302,9.94,35.6
304,12.93,35.6,,,,,,,,,,304,12.93,36.12,,,,304,9.93,35.6
306,12.9,35.59,,,,,,,,,,306,12.9,36.11,,,,306,9.9,35.59
308,12.8,35.58,,,,,,,,,,308,12.8,36.1,,,,308,9.8,35.58
310,12.77,35.57,,,,,,,,,,310,12.77,36.09,,,,310,9.77,35.57
312,12.85,35.58,,,,,,,,,,312,12.85,36.1,,,,312,9.85,35.58
314,12.74,35.57,,,,,,,,,,314,12.74,36.09,,,,314,9.74,35.57
316,12.81,35.58,,,,,,,,,,316,12.81,36.1,,,,316,9.81,35.58
318,12.58,35.54,,,,,,,,,,318,12.58,36.06,,,,318,9.58,35.54
320,12.71,35.56,,,,,,,,,,320,12.71,36.08,,,,320,9.71,35.56
322,12.49,35.53,,,,,,,,,,322,12.49,36.05,,,,322,9.49,35.53
324,12.55,35.54,,,,,,,,,,324,12.55,36.06,,,,324,9.55,35.54
326,12.41,35.52,,,,,,,,,,326,12.41,36.04,,,,326,9.41,35.52
328,12.55,35.54,,,,,,,,,,328,12.55,36.06,,,,328,9.55,35.54
330,12.36,35.51,,,,,,,,,,330,12.36,36.03,,,,330,9.36,35.51
332,12.31,35.5,,,,,,,,,,332,12.31,36.02,,,,332,9.31,35.5
334,12.26,35.5,,,,,,,,,,334,12.26,36.02,,,,334,9.26,35.5
336,12.21,35.49,,,,,,,,,,336,12.21,36.01,,,,336,9.21,35.49
338,12.16,35.49,,,,,,,,,,338,12.16,36.01,,,,338,9.16,35.49
340,12.14,35.48,,,,,,,,,,340,12.14,36,,,,340,9.14,35.48
342,12.11,35.48,,,,,,,,,,342,12.11,36,,,,342,9.11,35.48
344,12.17,35.49,,,,,,,,,,344,12.17,36.01,,,,344,9.17,35.49
346,12.12,35.49,,,,,,,,,,346,12.12,36.01,,,,346,9.12,35.49
348,12.16,35.48,,,,,,,,,,348,12.16,36,,,,348,9.16,35.48
350,11.93,35.46,,,,,,,,,,350,11.93,35.98,,,,350,8.93,35.46
352,11.91,35.45,,,,,,,,,,352,11.91,35.97,,,,352,8.91,35.45
354,11.89,35.45,,,,,,,,,,354,11.89,35.97,,,,354,8.89,35.45
356,12.03,35.47,,,,,,,,,,356,12.03,35.99,,,,356,9.03,35.47
358,11.79,35.44,,,,,,,,,,358,11.79,35.96,,,,358,8.79,35.44
359,11.98,35.46,,,,,,,,,,359,11.98,35.98,,,,359,8.98,35.46
360,11.76,35.43,,,,,,,,,,360,11.76,35.95,,,,360,8.76,35.43
361,11.95,35.46,,,,,,,,,,361,11.95,35.98,,,,361,8.95,35.46
362,11.72,35.43,,,,,,,,,,362,11.72,35.95,,,,362,8.72,35.43
363,11.93,35.45,,,,,,,,,,363,11.93,35.97,,,,363,8.93,35.45
364,11.69,35.42,,,,,,,,,,364,11.69,35.94,,,,364,8.69,35.42
366,11.66,35.42,,,,,,,,,,366,11.66,35.94,,,,366,8.66,35.42
368,11.72,35.43,,,,,,,,,,368,11.72,35.95,,,,368,8.72,35.43
370,11.62,35.41,,,,,,,,,,370,11.62,35.93,,,,370,8.62,35.41
371,11.66,35.42,,,,,,,,,,371,11.66,35.94,,,,371,8.66,35.42
372,11.6,35.41,,,,,,,,,,372,11.6,35.93,,,,372,8.6,35.41
373,11.56,35.41,,,,,,,,,,373,11.56,35.93,,,,373,8.56,35.41
374,11.79,35.43,,,,,,,,,,374,11.79,35.95,,,,374,8.79,35.43
375,11.5,35.4,,,,,,,,,,375,11.5,35.92,,,,375,8.5,35.4
376,11.77,35.43,,,,,,,,,,376,11.77,35.95,,,,376,8.77,35.43
377,11.46,35.39,,,,,,,,,,377,11.46,35.91,,,,377,8.46,35.39
378,11.74,35.43,,,,,,,,,,378,11.74,35.95,,,,378,8.74,35.43
379,11.42,35.39,,,,,,,,,,379,11.42,35.91,,,,379,8.42,35.39
380,11.72,35.43,,,,,,,,,,380,11.72,35.95,,,,380,8.72,35.43
381,11.37,35.38,,,,,,,,,,381,11.37,35.9,,,,381,8.37,35.38
382,11.69,35.42,,,,,,,,,,382,11.69,35.94,,,,382,8.69,35.42
383,11.46,35.4,,,,,,,,,,383,11.46,35.92,,,,383,8.46,35.4
384,11.67,35.42,,,,,,,,,,384,11.67,35.94,,,,384,8.67,35.42
385,11.41,35.39,,,,,,,,,,385,11.41,35.91,,,,385,8.41,35.39
387,11.29,35.37,,,,,,,,,,387,11.29,35.89,,,,387,8.29,35.37
389,11.34,35.38,,,,,,,,,,389,11.34,35.9,,,,389,8.34,35.38
391,11.59,35.41,,,,,,,,,,391,11.59,35.93,,,,391,8.59,35.41
392,11.25,35.37,,,,,,,,,,392,11.25,35.89,,,,392,8.25,35.37
393,11.2,35.36,,,,,,,,,,393,11.2,35.88,,,,393,8.2,35.36
395,11.17,35.36,,,,,,,,,,395,11.17,35.88,,,,395,8.17,35.36
397,11.16,35.35,,,,,,,,,,397,11.16,35.87,,,,397,8.16,35.35
399,11.14,35.35,,,,,,,,,,399,11.14,35.87,,,,399,8.14,35.35
401,11.14,35.35,,,,,,,,,,401,11.14,35.87,,,,401,8.14,35.35
403,11.13,35.35,,,,,,,,,,403,11.13,35.87,,,,403,8.13,35.35
405,11.07,35.34,,,,,,,,,,405,11.07,35.86,,,,405,8.07,35.34
407,11.05,35.34,,,,,,,,,,407,11.05,35.86,,,,407,8.05,35.34
409,11.01,35.33,,,,,,,,,,409,11.01,35.85,,,,409,8.01,35.33
411,10.97,35.33,,,,,,,,,,411,10.97,35.85,,,,411,7.97,35.33
413,11.2,35.36,,,,,,,,,,413,11.2,35.88,,,,413,8.2,35.36
415,10.88,35.31,,,,,,,,,,415,10.88,35.83,,,,415,7.88,35.31
417,10.85,35.31,,,,,,,,,,417,10.85,35.83,,,,417,7.85,35.31
419,10.77,35.3,,,,,,,,,,419,10.77,35.82,,,,419,7.77,35.3
421,10.87,35.32,,,,,,,,,,421,10.87,35.84,,,,421,7.87,35.32
423,10.97,35.32,,,,,,,,,,423,10.97,35.84,,,,423,7.97,35.32
425,10.61,35.27,,,,,,,,,,425,10.61,35.79,,,,425,7.61,35.27
427,10.57,35.27,,,,,,,,,,427,10.57,35.79,,,,427,7.57,35.27
429,10.9,35.32,,,,,,,,,,429,10.9,35.84,,,,429,7.9,35.32
431,10.84,35.31,,,,,,,,,,431,10.84,35.83,,,,431,7.84,35.31
433,10.5,35.26,,,,,,,,,,433,10.5,35.78,,,,433,7.5,35.26
435,10.76,35.3,,,,,,,,,,435,10.76,35.82,,,,435,7.76,35.3
437,10.42,35.25,,,,,,,,,,437,10.42,35.77,,,,437,7.42,35.25
439,10.4,35.24,,,,,,,,,,439,10.4,35.76,,,,439,7.4,35.24
441,10.39,35.24,,,,,,,,,,441,10.39,35.76,,,,441,7.39,35.24
443,10.67,35.28,,,,,,,,,,443,10.67,35.8,,,,443,7.67,35.28
445,10.6,35.28,,,,,,,,,,445,10.6,35.8,,,,445,7.6,35.28
447,10.58,35.28,,,,,,,,,,447,10.58,35.8,,,,447,7.58,35.28
449,10.57,35.28,,,,,,,,,,449,10.57,35.8,,,,449,7.57,35.28
451,10.54,35.27,,,,,,,,,,451,10.54,35.79,,,,451,7.54,35.27
453,10.25,35.23,,,,,,,,,,453,10.25,35.75,,,,453,7.25,35.23
455,10.23,35.22,,,,,,,,,,455,10.23,35.74,,,,455,7.23,35.22
457,10.22,35.22,,,,,,,,,,457,10.22,35.74,,,,457,7.22,35.22
459,10.23,35.22,,,,,,,,,,459,10.23,35.74,,,,459,7.23,35.22
461,10.24,35.23,,,,,,,,,,461,10.24,35.75,,,,461,7.24,35.23
463,10.26,35.23,,,,,,,,,,463,10.26,35.75,,,,463,7.26,35.23
465,10.21,35.23,,,,,,,,,,465,10.21,35.75,,,,465,7.21,35.23
467,10.31,35.25,,,,,,,,,,467,10.31,35.77,,,,467,7.31,35.25
469,10.12,35.21,,,,,,,,,,469,10.12,35.73,,,,469,7.12,35.21
471,10.09,35.21,,,,,,,,,,471,10.09,35.73,,,,471,7.09,35.21
473,10.04,35.21,,,,,,,,,,473,10.04,35.73,,,,473,7.04,35.21
475,10.02,35.2,,,,,,,,,,475,10.02,35.72,,,,475,7.02,35.2
477,10.13,35.22,,,,,,,,,,477,10.13,35.74,,,,477,7.13,35.22
479,10,35.2,,,,,,,,,,479,10,35.72,,,,479,7,35.2
481,9.99,35.2,,,,,,,,,,481,9.99,35.72,,,,481,6.99,35.2
483,9.93,35.19,,,,,,,,,,483,9.93,35.71,,,,483,6.93,35.19
484,9.93,35.18,,,,,,,,,,484,9.93,35.7,,,,484,6.93,35.18
485,9.88,35.18,,,,,,,,,,485,9.88,35.7,,,,485,6.88,35.18
486,9.91,35.17,,,,,,,,,,486,9.91,35.69,,,,486,6.91,35.17
487,9.82,35.18,,,,,,,,,,487,9.82,35.7,,,,487,6.82,35.18
488,9.79,35.17,,,,,,,,,,488,9.79,35.69,,,,488,6.79,35.17
489,9.88,35.17,,,,,,,,,,489,9.88,35.69,,,,489,6.88,35.17
490,9.78,35.17,,,,,,,,,,490,9.78,35.69,,,,490,6.78,35.17
491,9.92,35.2,,,,,,,,,,491,9.92,35.72,,,,491,6.92,35.2
493,9.94,35.2,,,,,,,,,,493,9.94,35.72,,,,493,6.94,35.2
494,9.97,35.21,,,,,,,,,,494,9.97,35.73,,,,494,6.97,35.21
495,9.75,35.16,,,,,,,,,,495,9.75,35.68,,,,495,6.75,35.16
496,9.77,35.16,,,,,,,,,,496,9.77,35.68,,,,496,6.77,35.16
497,9.72,35.16,,,,,,,,,,497,9.72,35.68,,,,497,6.72,35.16
498,9.74,35.15,,,,,,,,,,498,9.74,35.67,,,,498,6.74,35.15
499,9.9,35.21,,,,,,,,,,499,9.9,35.73,,,,499,6.9,35.21
500,9.7,35.15,,,,,,,,,,500,9.7,35.67,,,,500,6.7,35.15
501,9.89,35.2,,,,,,,,,,501,9.89,35.72,,,,501,6.89,35.2
502,9.67,35.14,,,,,,,,,,502,9.67,35.66,,,,502,6.67,35.14
504,9.76,35.18,,,,,,,,,,504,9.76,35.7,,,,504,6.76,35.18
506,9.7,35.16,,,,,,,,,,506,9.7,35.68,,,,506,6.7,35.16
507,9.62,35.14,,,,,,,,,,507,9.62,35.66,,,,507,6.62,35.14
508,9.59,35.13,,,,,,,,,,508,9.59,35.65,,,,508,6.59,35.13
510,9.56,35.13,,,,,,,,,,510,9.56,35.65,,,,510,6.56,35.13
512,9.53,35.13,,,,,,,,,,512,9.53,35.65,,,,512,6.53,35.13
514,9.53,35.13,,,,,,,,,,514,9.53,35.65,,,,514,6.53,35.13
516,9.39,35.11,,,,,,,,,,516,9.39,35.63,,,,516,6.39,35.11
518,9.42,35.11,,,,,,,,,,518,9.42,35.63,,,,518,6.42,35.11
520,9.32,35.1,,,,,,,,,,520,9.32,35.62,,,,520,6.32,35.1
522,9.61,35.17,,,,,,,,,,522,9.61,35.69,,,,522,6.61,35.17
524,9.59,35.16,,,,,,,,,,524,9.59,35.68,,,,524,6.59,35.16
526,9.57,35.16,,,,,,,,,,526,9.57,35.68,,,,526,6.57,35.16
528,9.34,35.11,,,,,,,,,,528,9.34,35.63,,,,528,6.34,35.11
530,9.34,35.11,,,,,,,,,,530,9.34,35.63,,,,530,6.34,35.11
532,9.23,35.1,,,,,,,,,,532,9.23,35.62,,,,532,6.23,35.1
534,9.13,35.08,,,,,,,,,,534,9.13,35.6,,,,534,6.13,35.08
536,9.11,35.08,,,,,,,,,,536,9.11,35.6,,,,536,6.11,35.08
538,9.1,35.08,,,,,,,,,,538,9.1,35.6,,,,538,6.1,35.08
540,9.12,35.08,,,,,,,,,,540,9.12,35.6,,,,540,6.12,35.08
542,9.1,35.08,,,,,,,,,,542,9.1,35.6,,,,542,6.1,35.08
544,9.03,35.07,,,,,,,,,,544,9.03,35.59,,,,544,6.03,35.07
546,8.97,35.06,,,,,,,,,,546,8.97,35.58,,,,546,5.97,35.06
548,8.96,35.06,,,,,,,,,,548,8.96,35.58,,,,548,5.96,35.06
550,8.94,35.06,,,,,,,,,,550,8.94,35.58,,,,550,5.94,35.06
552,9.31,35.13,,,,,,,,,,552,9.31,35.65,,,,552,6.31,35.13
554,9.29,35.13,,,,,,,,,,554,9.29,35.65,,,,554,6.29,35.13
556,9.23,35.11,,,,,,,,,,556,9.23,35.63,,,,556,6.23,35.11
558,9.23,35.11,,,,,,,,,,558,9.23,35.63,,,,558,6.23,35.11
560,9,35.08,,,,,,,,,,560,9,35.6,,,,560,6,35.08
562,9,35.08,,,,,,,,,,562,9,35.6,,,,562,6,35.08
564,9.19,35.11,,,,,,,,,,564,9.19,35.63,,,,564,6.19,35.11
566,9.19,35.12,,,,,,,,,,566,9.19,35.64,,,,566,6.19,35.12
568,8.95,35.08,,,,,,,,,,568,8.95,35.6,,,,568,5.95,35.08
570,8.92,35.08,,,,,,,,,,570,8.92,35.6,,,,570,5.92,35.08
572,8.89,35.08,,,,,,,,,,572,8.89,35.6,,,,572,5.89,35.08
574,9.11,35.1,,,,,,,,,,574,9.11,35.62,,,,574,6.11,35.1
576,9.1,35.1,,,,,,,,,,576,9.1,35.62,,,,576,6.1,35.1
578,9.1,35.1,,,,,,,,,,578,9.1,35.62,,,,578,6.1,35.1
580,8.81,35.07,,,,,,,,,,580,8.81,35.59,,,,580,5.81,35.07
582,8.78,35.07,,,,,,,,,,582,8.78,35.59,,,,582,5.78,35.07
584,8.72,35.05,,,,,,,,,,584,8.72,35.57,,,,584,5.72,35.05
586,8.72,35.05,,,,,,,,,,586,8.72,35.57,,,,586,5.72,35.05
588,8.96,35.09,,,,,,,,,,588,8.96,35.61,,,,588,5.96,35.09
590,8.9,35.09,,,,,,,,,,590,8.9,35.61,,,,590,5.9,35.09
592,8.7,35.06,,,,,,,,,,592,8.7,35.58,,,,592,5.7,35.06
594,8.67,35.06,,,,,,,,,,594,8.67,35.58,,,,594,5.67,35.06
596,8.89,35.08,,,,,,,,,,596,8.89,35.6,,,,596,5.89,35.08
598,8.64,35.05,,,,,,,,,,598,8.64,35.57,,,,598,5.64,35.05
600,8.85,35.08,,,,,,,,,,600,8.85,35.6,,,,600,5.85,35.08
601,8.82,35.08,,,,,,,,,,601,8.82,35.6,,,,601,5.82,35.08
602,8.59,35.05,,,,,,,,,,602,8.59,35.57,,,,602,5.59,35.05
604,8.57,35.04,,,,,,,,,,604,8.57,35.56,,,,604,5.57,35.04
606,8.56,35.04,,,,,,,,,,606,8.56,35.56,,,,606,5.56,35.04
607,8.55,35.04,,,,,,,,,,607,8.55,35.56,,,,607,5.55,35.04
608,8.74,35.07,,,,,,,,,,608,8.74,35.59,,,,608,5.74,35.07
610,8.5,35.04,,,,,,,,,,610,8.5,35.56,,,,610,5.5,35.04
611,8.71,35.07,,,,,,,,,,611,8.71,35.59,,,,611,5.71,35.07
612,8.46,35.03,,,,,,,,,,612,8.46,35.55,,,,612,5.46,35.03
613,8.41,35.03,,,,,,,,,,613,8.41,35.55,,,,613,5.41,35.03
615,8.35,35.02,,,,,,,,,,615,8.35,35.54,,,,615,5.35,35.02
617,8.32,35.01,,,,,,,,,,617,8.32,35.53,,,,617,5.32,35.01
619,8.33,35.02,,,,,,,,,,619,8.33,35.54,,,,619,5.33,35.02
621,8.31,35.02,,,,,,,,,,621,8.31,35.54,,,,621,5.31,35.02
623,8.59,35.05,,,,,,,,,,623,8.59,35.57,,,,623,5.59,35.05
625,8.29,35.02,,,,,,,,,,625,8.29,35.54,,,,625,5.29,35.02
627,8.53,35.05,,,,,,,,,,627,8.53,35.57,,,,627,5.53,35.05
629,8.28,35.02,,,,,,,,,,629,8.28,35.54,,,,629,5.28,35.02
631,8.27,35.02,,,,,,,,,,631,8.27,35.54,,,,631,5.27,35.02
633,8.43,35.03,,,,,,,,,,633,8.43,35.55,,,,633,5.43,35.03
635,8.42,35.03,,,,,,,,,,635,8.42,35.55,,,,635,5.42,35.03
637,8.24,35.02,,,,,,,,,,637,8.24,35.54,,,,637,5.24,35.02
639,8.22,35.01,,,,,,,,,,639,8.22,35.53,,,,639,5.22,35.01
641,8.2,35.01,,,,,,,,,,641,8.2,35.53,,,,641,5.2,35.01
643,8.18,35.01,,,,,,,,,,643,8.18,35.53,,,,643,5.18,35.01
645,8.37,35.03,,,,,,,,,,645,8.37,35.55,,,,645,5.37,35.03
647,8.35,35.03,,,,,,,,,,647,8.35,35.55,,,,647,5.35,35.03
649,8.14,35.01,,,,,,,,,,649,8.14,35.53,,,,649,5.14,35.01
651,8.11,35,,,,,,,,,,651,8.11,35.52,,,,651,5.11,35
653,8.1,35,,,,,,,,,,653,8.1,35.52,,,,653,5.1,35
655,8.08,35,,,,,,,,,,655,8.08,35.52,,,,655,5.08,35
657,8.2,35.01,,,,,,,,,,657,8.2,35.53,,,,657,5.2,35.01
659,8.05,35,,,,,,,,,,659,8.05,35.52,,,,659,5.05,35
661,8.03,35,,,,,,,,,,661,8.03,35.52,,,,661,5.03,35
663,8.02,34.99,,,,,,,,,,663,8.02,35.51,,,,663,5.02,34.99
665,8.01,34.99,,,,,,,,,,665,8.01,35.51,,,,665,5.01,34.99
667,8.09,35,,,,,,,,,,667,8.09,35.52,,,,667,5.09,35
669,7.97,34.99,,,,,,,,,,669,7.97,35.51,,,,669,4.97,34.99
671,7.96,34.99,,,,,,,,,,671,7.96,35.51,,,,671,4.96,34.99
673,7.95,34.99,,,,,,,,,,673,7.95,35.51,,,,673,4.95,34.99
675,7.93,34.99,,,,,,,,,,675,7.93,35.51,,,,675,4.93,34.99
677,7.93,34.99,,,,,,,,,,677,7.93,35.51,,,,677,4.93,34.99
679,7.92,34.99,,,,,,,,,,679,7.92,35.51,,,,679,4.92,34.99
681,7.92,34.98,,,,,,,,,,681,7.92,35.5,,,,681,4.92,34.98
683,7.86,34.98,,,,,,,,,,683,7.86,35.5,,,,683,4.86,34.98
685,7.82,34.98,,,,,,,,,,685,7.82,35.5,,,,685,4.82,34.98
687,7.8,34.97,,,,,,,,,,687,7.8,35.49,,,,687,4.8,34.97
689,7.78,34.97,,,,,,,,,,689,7.78,35.49,,,,689,4.78,34.97
691,7.75,34.97,,,,,,,,,,691,7.75,35.49,,,,691,4.75,34.97
693,7.72,34.96,,,,,,,,,,693,7.72,35.48,,,,693,4.72,34.96
695,7.71,34.96,,,,,,,,,,695,7.71,35.48,,,,695,4.71,34.96
697,7.71,34.96,,,,,,,,,,697,7.71,35.48,,,,697,4.71,34.96
699,7.79,34.97,,,,,,,,,,699,7.79,35.49,,,,699,4.79,34.97
701,7.71,34.97,,,,,,,,,,701,7.71,35.49,,,,701,4.71,34.97
703,7.78,34.97,,,,,,,,,,703,7.78,35.49,,,,703,4.78,34.97
704,7.77,34.97,,,,,,,,,,704,7.77,35.49,,,,704,4.77,34.97
705,7.65,34.96,,,,,,,,,,705,7.65,35.48,,,,705,4.65,34.96
707,7.64,34.96,,,,,,,,,,707,7.64,35.48,,,,707,4.64,34.96
708,7.68,34.97,,,,,,,,,,708,7.68,35.49,,,,708,4.68,34.97
709,7.62,34.96,,,,,,,,,,709,7.62,35.48,,,,709,4.62,34.96
711,7.61,34.96,,,,,,,,,,711,7.61,35.48,,,,711,4.61,34.96
713,7.59,34.96,,,,,,,,,,713,7.59,35.48,,,,713,4.59,34.96
715,7.66,34.96,,,,,,,,,,715,7.66,35.48,,,,715,4.66,34.96
717,7.56,34.95,,,,,,,,,,717,7.56,35.47,,,,717,4.56,34.95
719,7.55,34.95,,,,,,,,,,719,7.55,35.47,,,,719,4.55,34.95
720,7.59,34.95,,,,,,,,,,720,7.59,35.47,,,,720,4.59,34.95
721,7.53,34.95,,,,,,,,,,721,7.53,35.47,,,,721,4.53,34.95
722,7.53,34.95,,,,,,,,,,722,7.53,35.47,,,,722,4.53,34.95
724,7.58,34.95,,,,,,,,,,724,7.58,35.47,,,,724,4.58,34.95
725,7.52,34.95,,,,,,,,,,725,7.52,35.47,,,,725,4.52,34.95
726,7.5,34.95,,,,,,,,,,726,7.5,35.47,,,,726,4.5,34.95
728,7.47,34.94,,,,,,,,,,728,7.47,35.46,,,,728,4.47,34.94
730,7.45,34.94,,,,,,,,,,730,7.45,35.46,,,,730,4.45,34.94
732,7.47,34.95,,,,,,,,,,732,7.47,35.47,,,,732,4.47,34.95
734,7.56,34.95,,,,,,,,,,734,7.56,35.47,,,,734,4.56,34.95
736,7.42,34.94,,,,,,,,,,736,7.42,35.46,,,,736,4.42,34.94
738,7.39,34.94,,,,,,,,,,738,7.39,35.46,,,,738,4.39,34.94
740,7.49,34.95,,,,,,,,,,740,7.49,35.47,,,,740,4.49,34.95
742,7.47,34.95,,,,,,,,,,742,7.47,35.47,,,,742,4.47,34.95
744,7.45,34.95,,,,,,,,,,744,7.45,35.47,,,,744,4.45,34.95
746,7.33,34.93,,,,,,,,,,746,7.33,35.45,,,,746,4.33,34.93
748,7.31,34.93,,,,,,,,,,748,7.31,35.45,,,,748,4.31,34.93
750,7.29,34.92,,,,,,,,,,750,7.29,35.44,,,,750,4.29,34.92
752,7.37,34.94,,,,,,,,,,752,7.37,35.46,,,,752,4.37,34.94
754,7.34,34.93,,,,,,,,,,754,7.34,35.45,,,,754,4.34,34.93
756,7.28,34.93,,,,,,,,,,756,7.28,35.45,,,,756,4.28,34.93
758,7.26,34.93,,,,,,,,,,758,7.26,35.45,,,,758,4.26,34.93
760,7.23,34.92,,,,,,,,,,760,7.23,35.44,,,,760,4.23,34.92
762,7.2,34.92,,,,,,,,,,762,7.2,35.44,,,,762,4.2,34.92
764,7.22,34.93,,,,,,,,,,764,7.22,35.45,,,,764,4.22,34.93
766,7.2,34.92,,,,,,,,,,766,7.2,35.44,,,,766,4.2,34.92
768,7.19,34.92,,,,,,,,,,768,7.19,35.44,,,,768,4.19,34.92
770,7.17,34.92,,,,,,,,,,770,7.17,35.44,,,,770,4.17,34.92
772,7.23,34.93,,,,,,,,,,772,7.23,35.45,,,,772,4.23,34.93
774,7.15,34.92,,,,,,,,,,774,7.15,35.44,,,,774,4.15,34.92
776,7.12,34.92,,,,,,,,,,776,7.12,35.44,,,,776,4.12,34.92
778,7.15,34.92,,,,,,,,,,778,7.15,35.44,,,,778,4.15,34.92
780,7.13,34.92,,,,,,,,,,780,7.13,35.44,,,,780,4.13,34.92
782,7.06,34.91,,,,,,,,,,782,7.06,35.43,,,,782,4.06,34.91
784,7.05,34.91,,,,,,,,,,784,7.05,35.43,,,,784,4.05,34.91
786,7.04,34.91,,,,,,,,,,786,7.04,35.43,,,,786,4.04,34.91
788,7,34.9,,,,,,,,,,788,7,35.42,,,,788,4,34.9
790,6.93,34.9,,,,,,,,,,790,6.93,35.42,,,,790,3.93,34.9
792,7.08,34.92,,,,,,,,,,792,7.08,35.44,,,,792,4.08,34.92
794,7.06,34.92,,,,,,,,,,794,7.06,35.44,,,,794,4.06,34.92
796,7.04,34.92,,,,,,,,,,796,7.04,35.44,,,,796,4.04,34.92
798,6.86,34.89,,,,,,,,,,798,6.86,35.41,,,,798,3.86,34.89
800,6.85,34.89,,,,,,,,,,800,6.85,35.41,,,,800,3.85,34.89
802,6.87,34.89,,,,,,,,,,802,6.87,35.41,,,,802,3.87,34.89
804,6.83,34.89,,,,,,,,,,804,6.83,35.41,,,,804,3.83,34.89
806,6.83,34.89,,,,,,,,,,806,6.83,35.41,,,,806,3.83,34.89
808,6.81,34.89,,,,,,,,,,808,6.81,35.41,,,,808,3.81,34.89
810,6.78,34.88,,,,,,,,,,810,6.78,35.4,,,,810,3.78,34.88
812,6.77,34.89,,,,,,,,,,812,6.77,35.41,,,,812,3.77,34.89
814,6.76,34.89,,,,,,,,,,814,6.76,35.41,,,,814,3.76,34.89
815,6.75,34.88,,,,,,,,,,815,6.75,35.4,,,,815,3.75,34.88
816,6.75,34.88,,,,,,,,,,816,6.75,35.4,,,,816,3.75,34.88
817,6.74,34.88,,,,,,,,,,817,6.74,35.4,,,,817,3.74,34.88
818,6.73,34.89,,,,,,,,,,818,6.73,35.41,,,,818,3.73,34.89
819,6.79,34.89,,,,,,,,,,819,6.79,35.41,,,,819,3.79,34.89
820,6.72,34.88,,,,,,,,,,820,6.72,35.4,,,,820,3.72,34.88
821,6.7,34.88,,,,,,,,,,821,6.7,35.4,,,,821,3.7,34.88
822,6.78,34.89,,,,,,,,,,822,6.78,35.41,,,,822,3.78,34.89
823,6.69,34.88,,,,,,,,,,823,6.69,35.4,,,,823,3.69,34.88
824,6.71,34.88,,,,,,,,,,824,6.71,35.4,,,,824,3.71,34.88
825,6.77,34.89,,,,,,,,,,825,6.77,35.41,,,,825,3.77,34.89
826,6.69,34.88,,,,,,,,,,826,6.69,35.4,,,,826,3.69,34.88
827,6.69,34.88,,,,,,,,,,827,6.69,35.4,,,,827,3.69,34.88
829,6.69,34.88,,,,,,,,,,829,6.69,35.4,,,,829,3.69,34.88
831,6.68,34.89,,,,,,,,,,831,6.68,35.41,,,,831,3.68,34.89
833,6.68,34.88,,,,,,,,,,833,6.68,35.4,,,,833,3.68,34.88
835,6.68,34.88,,,,,,,,,,835,6.68,35.4,,,,835,3.68,34.88
837,6.67,34.88,,,,,,,,,,837,6.67,35.4,,,,837,3.67,34.88
839,6.66,34.88,,,,,,,,,,839,6.66,35.4,,,,839,3.66,34.88
841,6.65,34.88,,,,,,,,,,841,6.65,35.4,,,,841,3.65,34.88
843,6.6,34.89,,,,,,,,,,843,6.6,35.41,,,,843,3.6,34.89
845,6.65,34.89,,,,,,,,,,845,6.65,35.41,,,,845,3.65,34.89
847,6.66,34.89,,,,,,,,,,847,6.66,35.41,,,,847,3.66,34.89
849,6.66,34.89,,,,,,,,,,849,6.66,35.41,,,,849,3.66,34.89
851,6.67,34.9,,,,,,,,,,851,6.67,35.42,,,,851,3.67,34.9
853,6.61,34.89,,,,,,,,,,853,6.61,35.41,,,,853,3.61,34.89
855,6.66,34.9,,,,,,,,,,855,6.66,35.42,,,,855,3.66,34.9
857,6.64,34.9,,,,,,,,,,857,6.64,35.42,,,,857,3.64,34.9
859,6.64,34.9,,,,,,,,,,859,6.64,35.42,,,,859,3.64,34.9
861,6.63,34.9,,,,,,,,,,861,6.63,35.42,,,,861,3.63,34.9
863,6.6,34.89,,,,,,,,,,863,6.6,35.41,,,,863,3.6,34.89
865,6.66,34.91,,,,,,,,,,865,6.66,35.43,,,,865,3.66,34.91
867,6.65,34.92,,,,,,,,,,867,6.65,35.44,,,,867,3.65,34.92
869,6.66,34.93,,,,,,,,,,869,6.66,35.45,,,,869,3.66,34.93
871,6.63,34.91,,,,,,,,,,871,6.63,35.43,,,,871,3.63,34.91
873,6.66,34.93,,,,,,,,,,873,6.66,35.45,,,,873,3.66,34.93
875,6.61,34.91,,,,,,,,,,875,6.61,35.43,,,,875,3.61,34.91
877,6.66,34.93,,,,,,,,,,877,6.66,35.45,,,,877,3.66,34.93
879,6.69,34.94,,,,,,,,,,879,6.69,35.46,,,,879,3.69,34.94
881,6.69,34.94,,,,,,,,,,881,6.69,35.46,,,,881,3.69,34.94
883,6.68,34.94,,,,,,,,,,883,6.68,35.46,,,,883,3.68,34.94
885,6.66,34.93,,,,,,,,,,885,6.66,35.45,,,,885,3.66,34.93
887,6.68,34.93,,,,,,,,,,887,6.68,35.45,,,,887,3.68,34.93
889,6.71,34.94,,,,,,,,,,889,6.71,35.46,,,,889,3.71,34.94
891,6.62,34.94,,,,,,,,,,891,6.62,35.46,,,,891,3.62,34.94
893,6.61,34.94,,,,,,,,,,893,6.61,35.46,,,,893,3.61,34.94
895,6.6,34.95,,,,,,,,,,895,6.6,35.47,,,,895,3.6,34.95
897,6.59,34.95,,,,,,,,,,897,6.59,35.47,,,,897,3.59,34.95
899,6.67,34.94,,,,,,,,,,899,6.67,35.46,,,,899,3.67,34.94
901,6.66,34.94,,,,,,,,,,901,6.66,35.46,,,,901,3.66,34.94
903,6.55,34.95,,,,,,,,,,903,6.55,35.47,,,,903,3.55,34.95
905,6.6,34.93,,,,,,,,,,905,6.6,35.45,,,,905,3.6,34.93
907,6.62,34.94,,,,,,,,,,907,6.62,35.46,,,,907,3.62,34.94
909,6.62,34.95,,,,,,,,,,909,6.62,35.47,,,,909,3.62,34.95
911,6.54,34.92,,,,,,,,,,911,6.54,35.44,,,,911,3.54,34.92
912,6.53,34.92,,,,,,,,,,912,6.53,35.44,,,,912,3.53,34.92
913,6.62,34.95,,,,,,,,,,913,6.62,35.47,,,,913,3.62,34.95
914,6.61,34.95,,,,,,,,,,914,6.61,35.47,,,,914,3.61,34.95
915,6.53,34.93,,,,,,,,,,915,6.53,35.45,,,,915,3.53,34.93
917,6.6,34.95,,,,,,,,,,917,6.6,35.47,,,,917,3.6,34.95
918,6.51,34.93,,,,,,,,,,918,6.51,35.45,,,,918,3.51,34.93
919,6.58,34.95,,,,,,,,,,919,6.58,35.47,,,,919,3.58,34.95
920,6.5,34.92,,,,,,,,,,920,6.5,35.44,,,,920,3.5,34.92
921,6.56,34.95,,,,,,,,,,921,6.56,35.47,,,,921,3.56,34.95
922,6.48,34.92,,,,,,,,,,922,6.48,35.44,,,,922,3.48,34.92
923,6.5,34.95,,,,,,,,,,923,6.5,35.47,,,,923,3.5,34.95
924,6.55,34.95,,,,,,,,,,924,6.55,35.47,,,,924,3.55,34.95
925,6.48,34.95,,,,,,,,,,925,6.48,35.47,,,,925,3.48,34.95
926,6.56,34.95,,,,,,,,,,926,6.56,35.47,,,,926,3.56,34.95
928,6.56,34.95,,,,,,,,,,928,6.56,35.47,,,,928,3.56,34.95
930,6.46,34.95,,,,,,,,,,930,6.46,35.47,,,,930,3.46,34.95
932,6.44,34.95,,,,,,,,,,932,6.44,35.47,,,,932,3.44,34.95
934,6.43,34.95,,,,,,,,,,934,6.43,35.47,,,,934,3.43,34.95
936,6.49,34.95,,,,,,,,,,936,6.49,35.47,,,,936,3.49,34.95
938,6.46,34.95,,,,,,,,,,938,6.46,35.47,,,,938,3.46,34.95
940,6.56,34.95,,,,,,,,,,940,6.56,35.47,,,,940,3.56,34.95
942,6.43,34.94,,,,,,,,,,942,6.43,35.46,,,,942,3.43,34.94
944,6.53,34.95,,,,,,,,,,944,6.53,35.47,,,,944,3.53,34.95
946,6.51,34.95,,,,,,,,,,946,6.51,35.47,,,,946,3.51,34.95
948,6.32,34.94,,,,,,,,,,948,6.32,35.46,,,,948,3.32,34.94
950,6.29,34.94,,,,,,,,,,950,6.29,35.46,,,,950,3.29,34.94
952,6.38,34.94,,,,,,,,,,952,6.38,35.46,,,,952,3.38,34.94
954,6.36,34.95,,,,,,,,,,954,6.36,35.47,,,,954,3.36,34.95
956,6.34,34.95,,,,,,,,,,956,6.34,35.47,,,,956,3.34,34.95
958,6.4,34.95,,,,,,,,,,958,6.4,35.47,,,,958,3.4,34.95
960,6.38,34.95,,,,,,,,,,960,6.38,35.47,,,,960,3.38,34.95
962,6.36,34.95,,,,,,,,,,962,6.36,35.47,,,,962,3.36,34.95
964,6.26,34.94,,,,,,,,,,964,6.26,35.46,,,,964,3.26,34.94
966,6.34,34.95,,,,,,,,,,966,6.34,35.47,,,,966,3.34,34.95
968,6.31,34.95,,,,,,,,,,968,6.31,35.47,,,,968,3.31,34.95
970,6.22,34.94,,,,,,,,,,970,6.22,35.46,,,,970,3.22,34.94
972,6.18,34.93,,,,,,,,,,972,6.18,35.45,,,,972,3.18,34.93
974,6.18,34.93,,,,,,,,,,974,6.18,35.45,,,,974,3.18,34.93
976,6.14,34.93,,,,,,,,,,976,6.14,35.45,,,,976,3.14,34.93
978,6.19,34.94,,,,,,,,,,978,6.19,35.46,,,,978,3.19,34.94
980,6.19,34.94,,,,,,,,,,980,6.19,35.46,,,,980,3.19,34.94
982,6.21,34.95,,,,,,,,,,982,6.21,35.47,,,,982,3.21,34.95
984,6.21,34.94,,,,,,,,,,984,6.21,35.46,,,,984,3.21,34.94
986,6.18,34.94,,,,,,,,,,986,6.18,35.46,,,,986,3.18,34.94
988,6.12,34.94,,,,,,,,,,988,6.12,35.46,,,,988,3.12,34.94
990,6.14,34.94,,,,,,,,,,990,6.14,35.46,,,,990,3.14,34.94
992,6.13,34.94,,,,,,,,,,992,6.13,35.46,,,,992,3.13,34.94
994,6.13,34.94,,,,,,,,,,994,6.13,35.46,,,,994,3.13,34.94
996,6.14,34.94,,,,,,,,,,996,6.14,35.46,,,,996,3.14,34.94
998,6.06,34.93,,,,,,,,,,998,6.06,35.45,,,,998,3.06,34.93
1000,6.1,34.94,,,,,,,,,,1000,6.1,35.46,,,,1000,3.1,34.94
1002,6.1,34.94,,,,,,,,,,1002,6.1,35.46,,,,1002,3.1,34.94
1004,6.09,34.93,,,,,,,,,,1004,6.09,35.45,,,,1004,3.09,34.93
1006,6.01,34.93,,,,,,,,,,1006,6.01,35.45,,,,1006,3.01,34.93
1008,6,34.93,,,,,,,,,,1008,6,35.45,,,,1008,3,34.93
1010,5.99,34.93,,,,,,,,,,1010,5.99,35.45,,,,1010,2.99,34.93
1012,6.02,34.93,,,,,,,,,,1012,6.02,35.45,,,,1012,3.02,34.93
1014,6.01,34.93,,,,,,,,,,1014,6.01,35.45,,,,1014,3.01,34.93
1015,6.01,34.94,,,,,,,,,,1015,6.01,35.46,,,,1015,3.01,34.94
1016,6.01,34.93,,,,,,,,,,1016,6.01,35.45,,,,1016,3.01,34.93
1017,6,34.93,,,,,,,,,,1017,6,35.45,,,,1017,3,34.93
1019,6,34.93,,,,,,,,,,1019,6,35.45,,,,1019,3,34.93
1020,6.05,34.95,,,,,,,,,,1020,6.05,35.47,,,,1020,3.05,34.95
1021,6,34.93,,,,,,,,,,1021,6,35.45,,,,1021,3,34.93
1023,6,34.93,,,,,,,,,,1023,6,35.45,,,,1023,3,34.93
1025,5.99,34.93,,,,,,,,,,1025,5.99,35.45,,,,1025,2.99,34.93
1027,6.07,34.96,,,,,,,,,,1027,6.07,35.48,,,,1027,3.07,34.96
1029,6.06,34.96,,,,,,,,,,1029,6.06,35.48,,,,1029,3.06,34.96
1031,6.04,34.96,,,,,,,,,,1031,6.04,35.48,,,,1031,3.04,34.96
1033,6.03,34.95,,,,,,,,,,1033,6.03,35.47,,,,1033,3.03,34.95
1035,6.03,34.95,,,,,,,,,,1035,6.03,35.47,,,,1035,3.03,34.95
1037,5.98,34.95,,,,,,,,,,1037,5.98,35.47,,,,1037,2.98,34.95
1039,5.96,34.95,,,,,,,,,,1039,5.96,35.47,,,,1039,2.96,34.95
1041,6,34.95,,,,,,,,,,1041,6,35.47,,,,1041,3,34.95
1043,5.95,34.95,,,,,,,,,,1043,5.95,35.47,,,,1043,2.95,34.95
1045,5.95,34.94,,,,,,,,,,1045,5.95,35.46,,,,1045,2.95,34.94
1047,5.94,34.95,,,,,,,,,,1047,5.94,35.47,,,,1047,2.94,34.95
1049,5.94,34.94,,,,,,,,,,1049,5.94,35.46,,,,1049,2.94,34.94
1051,5.97,34.95,,,,,,,,,,1051,5.97,35.47,,,,1051,2.97,34.95
1053,5.94,34.94,,,,,,,,,,1053,5.94,35.46,,,,1053,2.94,34.94
1055,5.94,34.95,,,,,,,,,,1055,5.94,35.47,,,,1055,2.94,34.95
1057,5.94,34.95,,,,,,,,,,1057,5.94,35.47,,,,1057,2.94,34.95
1059,5.93,34.95,,,,,,,,,,1059,5.93,35.47,,,,1059,2.93,34.95
1061,5.93,34.96,,,,,,,,,,1061,5.93,35.48,,,,1061,2.93,34.96
1063,5.92,34.96,,,,,,,,,,1063,5.92,35.48,,,,1063,2.92,34.96
1065,5.91,34.95,,,,,,,,,,1065,5.91,35.47,,,,1065,2.91,34.95
1067,5.92,34.95,,,,,,,,,,1067,5.92,35.47,,,,1067,2.92,34.95
1069,5.93,34.96,,,,,,,,,,1069,5.93,35.48,,,,1069,2.93,34.96
1071,5.93,34.96,,,,,,,,,,1071,5.93,35.48,,,,1071,2.93,34.96
1073,5.93,34.96,,,,,,,,,,1073,5.93,35.48,,,,1073,2.93,34.96
1075,5.93,34.96,,,,,,,,,,1075,5.93,35.48,,,,1075,2.93,34.96
1077,5.94,34.97,,,,,,,,,,1077,5.94,35.49,,,,1077,2.94,34.97
1079,5.89,34.97,,,,,,,,,,1079,5.89,35.49,,,,1079,2.89,34.97
1081,5.93,34.97,,,,,,,,,,1081,5.93,35.49,,,,1081,2.93,34.97
1083,5.91,34.97,,,,,,,,,,1083,5.91,35.49,,,,1083,2.91,34.97
1085,5.89,34.97,,,,,,,,,,1085,5.89,35.49,,,,1085,2.89,34.97
1087,5.82,34.97,,,,,,,,,,1087,5.82,35.49,,,,1087,2.82,34.97
1089,5.87,34.97,,,,,,,,,,1089,5.87,35.49,,,,1089,2.87,34.97
1091,5.89,34.97,,,,,,,,,,1091,5.89,35.49,,,,1091,2.89,34.97
1093,5.89,34.98,,,,,,,,,,1093,5.89,35.5,,,,1093,2.89,34.98
1095,5.89,34.98,,,,,,,,,,1095,5.89,35.5,,,,1095,2.89,34.98
1097,5.89,34.98,,,,,,,,,,1097,5.89,35.5,,,,1097,2.89,34.98
1098,5.76,34.97,,,,,,,,,,1098,5.76,35.49,,,,1098,2.76,34.97
1099,5.9,34.98,,,,,,,,,,1099,5.9,35.5,,,,1099,2.9,34.98
1100,5.76,34.97,,,,,,,,,,1100,5.76,35.49,,,,1100,2.76,34.97
1101,5.91,34.98,,,,,,,,,,1101,5.91,35.5,,,,1101,2.91,34.98
1102,5.91,34.98,,,,,,,,,,1102,5.91,35.5,,,,1102,2.91,34.98
1103,5.76,34.97,,,,,,,,,,1103,5.76,35.49,,,,1103,2.76,34.97
1104,5.75,34.97,,,,,,,,,,1104,5.75,35.49,,,,1104,2.75,34.97
1106,5.84,34.98,,,,,,,,,,1106,5.84,35.5,,,,1106,2.84,34.98
1108,5.88,34.99,,,,,,,,,,1108,5.88,35.51,,,,1108,2.88,34.99
1110,5.82,34.98,,,,,,,,,,1110,5.82,35.5,,,,1110,2.82,34.98
1111,5.88,34.99,,,,,,,,,,1111,5.88,35.51,,,,1111,2.88,34.99
1112,5.72,34.98,,,,,,,,,,1112,5.72,35.5,,,,1112,2.72,34.98
1114,5.72,34.98,,,,,,,,,,1114,5.72,35.5,,,,1114,2.72,34.98
1116,5.72,34.98,,,,,,,,,,1116,5.72,35.5,,,,1116,2.72,34.98
1118,5.87,34.99,,,,,,,,,,1118,5.87,35.51,,,,1118,2.87,34.99
1120,5.84,34.99,,,,,,,,,,1120,5.84,35.51,,,,1120,2.84,34.99
1122,5.7,34.98,,,,,,,,,,1122,5.7,35.5,,,,1122,2.7,34.98
1124,5.75,34.98,,,,,,,,,,1124,5.75,35.5,,,,1124,2.75,34.98
1126,5.81,34.99,,,,,,,,,,1126,5.81,35.51,,,,1126,2.81,34.99
1128,5.8,34.99,,,,,,,,,,1128,5.8,35.51,,,,1128,2.8,34.99
1130,5.8,34.99,,,,,,,,,,1130,5.8,35.51,,,,1130,2.8,34.99
1132,5.8,34.99,,,,,,,,,,1132,5.8,35.51,,,,1132,2.8,34.99
1134,5.79,34.99,,,,,,,,,,1134,5.79,35.51,,,,1134,2.79,34.99
1136,5.69,34.98,,,,,,,,,,1136,5.69,35.5,,,,1136,2.69,34.98
1138,5.78,34.99,,,,,,,,,,1138,5.78,35.51,,,,1138,2.78,34.99
1140,5.64,34.98,,,,,,,,,,1140,5.64,35.5,,,,1140,2.64,34.98
1142,5.77,34.99,,,,,,,,,,1142,5.77,35.51,,,,1142,2.77,34.99
1144,5.65,34.99,,,,,,,,,,1144,5.65,35.51,,,,1144,2.65,34.99
1146,5.64,34.98,,,,,,,,,,1146,5.64,35.5,,,,1146,2.64,34.98
1148,5.65,34.99,,,,,,,,,,1148,5.65,35.51,,,,1148,2.65,34.99
1150,5.64,34.99,,,,,,,,,,1150,5.64,35.51,,,,1150,2.64,34.99
1152,5.64,34.99,,,,,,,,,,1152,5.64,35.51,,,,1152,2.64,34.99
1154,5.63,34.99,,,,,,,,,,1154,5.63,35.51,,,,1154,2.63,34.99
1156,5.61,34.99,,,,,,,,,,1156,5.61,35.51,,,,1156,2.61,34.99
1158,5.59,34.99,,,,,,,,,,1158,5.59,35.51,,,,1158,2.59,34.99
1160,5.75,35.01,,,,,,,,,,1160,5.75,35.53,,,,1160,2.75,35.01
1162,5.74,35.01,,,,,,,,,,1162,5.74,35.53,,,,1162,2.74,35.01
1164,5.73,35.01,,,,,,,,,,1164,5.73,35.53,,,,1164,2.73,35.01
1166,5.59,35,,,,,,,,,,1166,5.59,35.52,,,,1166,2.59,35
1168,5.73,35.01,,,,,,,,,,1168,5.73,35.53,,,,1168,2.73,35.01
1170,5.71,35.01,,,,,,,,,,1170,5.71,35.53,,,,1170,2.71,35.01
1172,5.55,34.99,,,,,,,,,,1172,5.55,35.51,,,,1172,2.55,34.99
1174,5.55,35,,,,,,,,,,1174,5.55,35.52,,,,1174,2.55,35
1176,5.54,34.99,,,,,,,,,,1176,5.54,35.51,,,,1176,2.54,34.99
1178,5.66,35.01,,,,,,,,,,1178,5.66,35.53,,,,1178,2.66,35.01
1180,5.65,35.02,,,,,,,,,,1180,5.65,35.54,,,,1180,2.65,35.02
1182,5.64,35.02,,,,,,,,,,1182,5.64,35.54,,,,1182,2.64,35.02
1184,5.51,35,,,,,,,,,,1184,5.51,35.52,,,,1184,2.51,35
1185,5.62,35.02,,,,,,,,,,1185,5.62,35.54,,,,1185,2.62,35.02
1186,5.51,35,,,,,,,,,,1186,5.51,35.52,,,,1186,2.51,35
1187,5.6,35.02,,,,,,,,,,1187,5.6,35.54,,,,1187,2.6,35.02
1188,5.51,35,,,,,,,,,,1188,5.51,35.52,,,,1188,2.51,35
1190,5.59,35.02,,,,,,,,,,1190,5.59,35.54,,,,1190,2.59,35.02
1191,5.45,35,,,,,,,,,,1191,5.45,35.52,,,,1191,2.45,35
1192,5.58,35.02,,,,,,,,,,1192,5.58,35.54,,,,1192,2.58,35.02
1193,5.51,35.01,,,,,,,,,,1193,5.51,35.53,,,,1193,2.51,35.01
1194,5.56,35.01,,,,,,,,,,1194,5.56,35.53,,,,1194,2.56,35.01
1195,5.44,35,,,,,,,,,,1195,5.44,35.52,,,,1195,2.44,35
1196,5.55,35.01,,,,,,,,,,1196,5.55,35.53,,,,1196,2.55,35.01
1197,5.5,35.01,,,,,,,,,,1197,5.5,35.53,,,,1197,2.5,35.01
1198,5.55,35.01,,,,,,,,,,1198,5.55,35.53,,,,1198,2.55,35.01
1199,5.43,35,,,,,,,,,,1199,5.43,35.52,,,,1199,2.43,35
1201,5.54,35.01,,,,,,,,,,1201,5.54,35.53,,,,1201,2.54,35.01
1203,5.54,35.02,,,,,,,,,,1203,5.54,35.54,,,,1203,2.54,35.02
1205,5.49,35.01,,,,,,,,,,1205,5.49,35.53,,,,1205,2.49,35.01
1207,5.42,35,,,,,,,,,,1207,5.42,35.52,,,,1207,2.42,35
1209,5.42,35.01,,,,,,,,,,1209,5.42,35.53,,,,1209,2.42,35.01
1211,5.48,35.02,,,,,,,,,,1211,5.48,35.54,,,,1211,2.48,35.02
1213,5.46,35.02,,,,,,,,,,1213,5.46,35.54,,,,1213,2.46,35.02
1215,5.45,35.02,,,,,,,,,,1215,5.45,35.54,,,,1215,2.45,35.02
1217,5.39,35,,,,,,,,,,1217,5.39,35.52,,,,1217,2.39,35
1219,5.43,35.02,,,,,,,,,,1219,5.43,35.54,,,,1219,2.43,35.02
1221,5.43,35.02,,,,,,,,,,1221,5.43,35.54,,,,1221,2.43,35.02
1223,5.43,35.02,,,,,,,,,,1223,5.43,35.54,,,,1223,2.43,35.02
1225,5.43,35.02,,,,,,,,,,1225,5.43,35.54,,,,1225,2.43,35.02
1227,5.43,35.02,,,,,,,,,,1227,5.43,35.54,,,,1227,2.43,35.02
1229,5.43,35.02,,,,,,,,,,1229,5.43,35.54,,,,1229,2.43,35.02
1231,5.44,35.03,,,,,,,,,,1231,5.44,35.55,,,,1231,2.44,35.03
1233,5.43,35.03,,,,,,,,,,1233,5.43,35.55,,,,1233,2.43,35.03
1235,5.42,35.03,,,,,,,,,,1235,5.42,35.55,,,,1235,2.42,35.03
1237,5.4,35.02,,,,,,,,,,1237,5.4,35.54,,,,1237,2.4,35.02
1239,5.39,35.03,,,,,,,,,,1239,5.39,35.55,,,,1239,2.39,35.03
1241,5.28,34.99,,,,,,,,,,1241,5.28,35.51,,,,1241,2.28,34.99
1243,5.41,35.03,,,,,,,,,,1243,5.41,35.55,,,,1243,2.41,35.03
1245,5.33,35.03,,,,,,,,,,1245,5.33,35.55,,,,1245,2.33,35.03
1247,5.32,35.02,,,,,,,,,,1247,5.32,35.54,,,,1247,2.32,35.02
1249,5.3,35.02,,,,,,,,,,1249,5.3,35.54,,,,1249,2.3,35.02
1251,5.39,35.03,,,,,,,,,,1251,5.39,35.55,,,,1251,2.39,35.03
1253,5.28,35.02,,,,,,,,,,1253,5.28,35.54,,,,1253,2.28,35.02
1255,5.28,35.02,,,,,,,,,,1255,5.28,35.54,,,,1255,2.28,35.02
1257,5.27,35.02,,,,,,,,,,1257,5.27,35.54,,,,1257,2.27,35.02
1259,5.26,35.02,,,,,,,,,,1259,5.26,35.54,,,,1259,2.26,35.02
1261,5.24,35.02,,,,,,,,,,1261,5.24,35.54,,,,1261,2.24,35.02
1263,5.23,35.02,,,,,,,,,,1263,5.23,35.54,,,,1263,2.23,35.02
1265,5.34,35.03,,,,,,,,,,1265,5.34,35.55,,,,1265,2.34,35.03
1266,5.18,35,,,,,,,,,,1266,5.18,35.52,,,,1266,2.18,35
1267,5.34,35.03,,,,,,,,,,1267,5.34,35.55,,,,1267,2.34,35.03
1269,5.34,35.03,,,,,,,,,,1269,5.34,35.55,,,,1269,2.34,35.03
1271,5.19,35.02,,,,,,,,,,1271,5.19,35.54,,,,1271,2.19,35.02
1273,5.18,35.02,,,,,,,,,,1273,5.18,35.54,,,,1273,2.18,35.02
1274,5.17,35,,,,,,,,,,1274,5.17,35.52,,,,1274,2.17,35
1275,5.16,35.02,,,,,,,,,,1275,5.16,35.54,,,,1275,2.16,35.02
1276,5.16,35,,,,,,,,,,1276,5.16,35.52,,,,1276,2.16,35
1277,5.15,35.02,,,,,,,,,,1277,5.15,35.54,,,,1277,2.15,35.02
1278,5.15,35.02,,,,,,,,,,1278,5.15,35.54,,,,1278,2.15,35.02
1280,5.15,35.02,,,,,,,,,,1280,5.15,35.54,,,,1280,2.15,35.02
1282,5.15,35,,,,,,,,,,1282,5.15,35.52,,,,1282,2.15,35
1283,5.15,35.02,,,,,,,,,,1283,5.15,35.54,,,,1283,2.15,35.02
1284,5.14,35,,,,,,,,,,1284,5.14,35.52,,,,1284,2.14,35
1286,5.15,35.02,,,,,,,,,,1286,5.15,35.54,,,,1286,2.15,35.02
1288,5.13,35.01,,,,,,,,,,1288,5.13,35.53,,,,1288,2.13,35.01
1290,5.13,35.01,,,,,,,,,,1290,5.13,35.53,,,,1290,2.13,35.01
1292,5.12,35.01,,,,,,,,,,1292,5.12,35.53,,,,1292,2.12,35.01
1294,5.11,35.01,,,,,,,,,,1294,5.11,35.53,,,,1294,2.11,35.01
1296,5.1,35.01,,,,,,,,,,1296,5.1,35.53,,,,1296,2.1,35.01
1298,5.1,35.01,,,,,,,,,,1298,5.1,35.53,,,,1298,2.1,35.01
1300,5.24,35.03,,,,,,,,,,1300,5.24,35.55,,,,1300,2.24,35.03
1302,5.08,35.01,,,,,,,,,,1302,5.08,35.53,,,,1302,2.08,35.01
1304,5.21,35.03,,,,,,,,,,1304,5.21,35.55,,,,1304,2.21,35.03
1306,5.06,35,,,,,,,,,,1306,5.06,35.52,,,,1306,2.06,35
1308,5.17,35.02,,,,,,,,,,1308,5.17,35.54,,,,1308,2.17,35.02
1310,5.06,35.01,,,,,,,,,,1310,5.06,35.53,,,,1310,2.06,35.01
1312,5.05,35.01,,,,,,,,,,1312,5.05,35.53,,,,1312,2.05,35.01
1314,5.05,35.01,,,,,,,,,,1314,5.05,35.53,,,,1314,2.05,35.01
1316,5.04,35,,,,,,,,,,1316,5.04,35.52,,,,1316,2.04,35
1318,5.03,35.01,,,,,,,,,,1318,5.03,35.53,,,,1318,2.03,35.01
1320,5.1,35.02,,,,,,,,,,1320,5.1,35.54,,,,1320,2.1,35.02
1322,5.01,35.01,,,,,,,,,,1322,5.01,35.53,,,,1322,2.01,35.01
1324,5.02,35,,,,,,,,,,1324,5.02,35.52,,,,1324,2.02,35
1326,5.02,35,,,,,,,,,,1326,5.02,35.52,,,,1326,2.02,35
1328,5.01,35,,,,,,,,,,1328,5.01,35.52,,,,1328,2.01,35
1330,5.04,35.01,,,,,,,,,,1330,5.04,35.53,,,,1330,2.04,35.01
1332,5.02,35.01,,,,,,,,,,1332,5.02,35.53,,,,1332,2.02,35.01
1334,4.98,35.01,,,,,,,,,,1334,4.98,35.53,,,,1334,1.98,35.01
1336,4.98,35.01,,,,,,,,,,1336,4.98,35.53,,,,1336,1.98,35.01
1338,5,35.01,,,,,,,,,,1338,5,35.53,,,,1338,2,35.01
1340,4.96,35,,,,,,,,,,1340,4.96,35.52,,,,1340,1.96,35
1342,4.95,35,,,,,,,,,,1342,4.95,35.52,,,,1342,1.95,35
1344,4.95,35,,,,,,,,,,1344,4.95,35.52,,,,1344,1.95,35
1346,4.94,35.01,,,,,,,,,,1346,4.94,35.53,,,,1346,1.94,35.01
1348,4.94,35.01,,,,,,,,,,1348,4.94,35.53,,,,1348,1.94,35.01
1350,4.95,35.02,,,,,,,,,,1350,4.95,35.54,,,,1350,1.95,35.02
1351,4.94,35,,,,,,,,,,1351,4.94,35.52,,,,1351,1.94,35
1352,4.94,35.02,,,,,,,,,,1352,4.94,35.54,,,,1352,1.94,35.02
1354,4.94,35.02,,,,,,,,,,1354,4.94,35.54,,,,1354,1.94,35.02
1355,4.93,35,,,,,,,,,,1355,4.93,35.52,,,,1355,1.93,35
1356,4.93,35.02,,,,,,,,,,1356,4.93,35.54,,,,1356,1.93,35.02
1357,4.92,35,,,,,,,,,,1357,4.92,35.52,,,,1357,1.92,35
1358,4.92,35.02,,,,,,,,,,1358,4.92,35.54,,,,1358,1.92,35.02
1359,4.91,35.02,,,,,,,,,,1359,4.91,35.54,,,,1359,1.91,35.02
1361,4.91,35.02,,,,,,,,,,1361,4.91,35.54,,,,1361,1.91,35.02
1363,4.91,35,,,,,,,,,,1363,4.91,35.52,,,,1363,1.91,35
1365,4.9,35,,,,,,,,,,1365,4.9,35.52,,,,1365,1.9,35
1366,4.9,35.02,,,,,,,,,,1366,4.9,35.54,,,,1366,1.9,35.02
1367,4.89,35,,,,,,,,,,1367,4.89,35.52,,,,1367,1.89,35
1369,4.9,35.02,,,,,,,,,,1369,4.9,35.54,,,,1369,1.9,35.02
1371,4.89,35,,,,,,,,,,1371,4.89,35.52,,,,1371,1.89,35
1373,4.87,35,,,,,,,,,,1373,4.87,35.52,,,,1373,1.87,35
1375,4.88,35,,,,,,,,,,1375,4.88,35.52,,,,1375,1.88,35
1377,4.86,35,,,,,,,,,,1377,4.86,35.52,,,,1377,1.86,35
1379,4.88,35,,,,,,,,,,1379,4.88,35.52,,,,1379,1.88,35
1381,4.88,35,,,,,,,,,,1381,4.88,35.52,,,,1381,1.88,35
1383,4.83,35,,,,,,,,,,1383,4.83,35.52,,,,1383,1.83,35
1385,4.82,35,,,,,,,,,,1385,4.82,35.52,,,,1385,1.82,35
1387,4.87,35,,,,,,,,,,1387,4.87,35.52,,,,1387,1.87,35
1389,4.81,35,,,,,,,,,,1389,4.81,35.52,,,,1389,1.81,35
1391,4.87,35.02,,,,,,,,,,1391,4.87,35.54,,,,1391,1.87,35.02
1393,4.86,35.02,,,,,,,,,,1393,4.86,35.54,,,,1393,1.86,35.02
1395,4.84,35,,,,,,,,,,1395,4.84,35.52,,,,1395,1.84,35
1397,4.84,35,,,,,,,,,,1397,4.84,35.52,,,,1397,1.84,35
1399,4.84,35.02,,,,,,,,,,1399,4.84,35.54,,,,1399,1.84,35.02
1401,4.83,35.02,,,,,,,,,,1401,4.83,35.54,,,,1401,1.83,35.02
1403,4.78,35,,,,,,,,,,1403,4.78,35.52,,,,1403,1.78,35
1405,4.77,35,,,,,,,,,,1405,4.77,35.52,,,,1405,1.77,35
1407,4.8,35.02,,,,,,,,,,1407,4.8,35.54,,,,1407,1.8,35.02
1409,4.81,35,,,,,,,,,,1409,4.81,35.52,,,,1409,1.81,35
1411,4.81,35,,,,,,,,,,1411,4.81,35.52,,,,1411,1.81,35
1413,4.74,35,,,,,,,,,,1413,4.74,35.52,,,,1413,1.74,35
1415,4.73,35,,,,,,,,,,1415,4.73,35.52,,,,1415,1.73,35
1417,4.76,35.02,,,,,,,,,,1417,4.76,35.54,,,,1417,1.76,35.02
1419,4.76,35.02,,,,,,,,,,1419,4.76,35.54,,,,1419,1.76,35.02
1421,4.7,35,,,,,,,,,,1421,4.7,35.52,,,,1421,1.7,35
1423,4.7,35,,,,,,,,,,1423,4.7,35.52,,,,1423,1.7,35
1425,4.69,35,,,,,,,,,,1425,4.69,35.52,,,,1425,1.69,35
1427,4.73,35.02,,,,,,,,,,1427,4.73,35.54,,,,1427,1.73,35.02
1428,4.67,35,,,,,,,,,,1428,4.67,35.52,,,,1428,1.67,35
1429,4.77,35,,,,,,,,,,1429,4.77,35.52,,,,1429,1.77,35
1430,4.71,35.02,,,,,,,,,,1430,4.71,35.54,,,,1430,1.71,35.02
1431,4.66,35,,,,,,,,,,1431,4.66,35.52,,,,1431,1.66,35
1433,4.7,35.02,,,,,,,,,,1433,4.7,35.54,,,,1433,1.7,35.02
1434,4.75,35,,,,,,,,,,1434,4.75,35.52,,,,1434,1.75,35
1435,4.69,35.02,,,,,,,,,,1435,4.69,35.54,,,,1435,1.69,35.02
1436,4.68,35.02,,,,,,,,,,1436,4.68,35.54,,,,1436,1.68,35.02
1438,4.68,35.02,,,,,,,,,,1438,4.68,35.54,,,,1438,1.68,35.02
1440,4.67,35.02,,,,,,,,,,1440,4.67,35.54,,,,1440,1.67,35.02
1441,4.63,35,,,,,,,,,,1441,4.63,35.52,,,,1441,1.63,35
1442,4.67,35.02,,,,,,,,,,1442,4.67,35.54,,,,1442,1.67,35.02
1443,4.62,35,,,,,,,,,,1443,4.62,35.52,,,,1443,1.62,35
1444,4.65,35.02,,,,,,,,,,1444,4.65,35.54,,,,1444,1.65,35.02
1446,4.61,35,,,,,,,,,,1446,4.61,35.52,,,,1446,1.61,35
1448,4.6,35,,,,,,,,,,1448,4.6,35.52,,,,1448,1.6,35
1450,4.69,35,,,,,,,,,,1450,4.69,35.52,,,,1450,1.69,35
1452,4.62,35.02,,,,,,,,,,1452,4.62,35.54,,,,1452,1.62,35.02
1454,4.62,35.02,,,,,,,,,,1454,4.62,35.54,,,,1454,1.62,35.02
1456,4.57,35,,,,,,,,,,1456,4.57,35.52,,,,1456,1.57,35
1458,4.57,35,,,,,,,,,,1458,4.57,35.52,,,,1458,1.57,35
1460,4.6,35.02,,,,,,,,,,1460,4.6,35.54,,,,1460,1.6,35.02
1462,4.6,35.02,,,,,,,,,,1462,4.6,35.54,,,,1462,1.6,35.02
1464,4.59,35.02,,,,,,,,,,1464,4.59,35.54,,,,1464,1.59,35.02
1466,4.55,35,,,,,,,,,,1466,4.55,35.52,,,,1466,1.55,35
1468,4.59,35.02,,,,,,,,,,1468,4.59,35.54,,,,1468,1.59,35.02
1470,4.58,35.02,,,,,,,,,,1470,4.58,35.54,,,,1470,1.58,35.02
1472,4.58,35.02,,,,,,,,,,1472,4.58,35.54,,,,1472,1.58,35.02
1474,4.54,35,,,,,,,,,,1474,4.54,35.52,,,,1474,1.54,35
1476,4.54,35,,,,,,,,,,1476,4.54,35.52,,,,1476,1.54,35
1478,4.57,35.02,,,,,,,,,,1478,4.57,35.54,,,,1478,1.57,35.02
1480,4.59,35,,,,,,,,,,1480,4.59,35.52,,,,1480,1.59,35
1482,4.53,35,,,,,,,,,,1482,4.53,35.52,,,,1482,1.53,35
1484,4.56,35.01,,,,,,,,,,1484,4.56,35.53,,,,1484,1.56,35.01
1486,4.55,35.02,,,,,,,,,,1486,4.55,35.54,,,,1486,1.55,35.02
1488,4.52,35,,,,,,,,,,1488,4.52,35.52,,,,1488,1.52,35
1490,4.52,35,,,,,,,,,,1490,4.52,35.52,,,,1490,1.52,35
1492,4.51,35,,,,,,,,,,1492,4.51,35.52,,,,1492,1.51,35
1494,4.51,35,,,,,,,,,,1494,4.51,35.52,,,,1494,1.51,35
1496,4.52,35,,,,,,,,,,1496,4.52,35.52,,,,1496,1.52,35
1498,4.48,35.01,,,,,,,,,,1498,4.48,35.53,,,,1498,1.48,35.01
1500,4.47,35.01,,,,,,,,,,1500,4.47,35.53,,,,1500,1.47,35.01
1502,4.46,35.01,,,,,,,,,,1502,4.46,35.53,,,,1502,1.46,35.01
1504,4.48,35,,,,,,,,,,1504,4.48,35.52,,,,1504,1.48,35
1505,4.47,35,,,,,,,,,,1505,4.47,35.52,,,,1505,1.47,35
1506,4.44,35.01,,,,,,,,,,1506,4.44,35.53,,,,1506,1.44,35.01
1508,4.48,35,,,,,,,,,,1508,4.48,35.52,,,,1508,1.48,35
1510,4.43,35.01,,,,,,,,,,1510,4.43,35.53,,,,1510,1.43,35.01
1511,4.47,35,,,,,,,,,,1511,4.47,35.52,,,,1511,1.47,35
1512,4.42,35.01,,,,,,,,,,1512,4.42,35.53,,,,1512,1.42,35.01
1513,4.39,35,,,,,,,,,,1513,4.39,35.52,,,,1513,1.39,35
1515,4.38,35,,,,,,,,,,1515,4.38,35.52,,,,1515,1.38,35
1517,4.38,35,,,,,,,,,,1517,4.38,35.52,,,,1517,1.38,35
1519,4.45,35,,,,,,,,,,1519,4.45,35.52,,,,1519,1.45,35
1521,4.36,35,,,,,,,,,,1521,4.36,35.52,,,,1521,1.36,35
1522,4.44,35,,,,,,,,,,1522,4.44,35.52,,,,1522,1.44,35
1523,4.36,35,,,,,,,,,,1523,4.36,35.52,,,,1523,1.36,35
1525,4.42,35,,,,,,,,,,1525,4.42,35.52,,,,1525,1.42,35
1527,4.41,35,,,,,,,,,,1527,4.41,35.52,,,,1527,1.41,35
1529,4.41,35,,,,,,,,,,1529,4.41,35.52,,,,1529,1.41,35
1531,4.35,35,,,,,,,,,,1531,4.35,35.52,,,,1531,1.35,35
1533,4.4,35,,,,,,,,,,1533,4.4,35.52,,,,1533,1.4,35
1535,4.39,35,,,,,,,,,,1535,4.39,35.52,,,,1535,1.39,35
1537,4.33,35,,,,,,,,,,1537,4.33,35.52,,,,1537,1.33,35
1539,4.33,35,,,,,,,,,,1539,4.33,35.52,,,,1539,1.33,35
1541,4.38,35,,,,,,,,,,1541,4.38,35.52,,,,1541,1.38,35
1543,4.31,35,,,,,,,,,,1543,4.31,35.52,,,,1543,1.31,35
1545,4.38,35,,,,,,,,,,1545,4.38,35.52,,,,1545,1.38,35
1547,4.38,35,,,,,,,,,,1547,4.38,35.52,,,,1547,1.38,35
1549,4.37,35,,,,,,,,,,1549,4.37,35.52,,,,1549,1.37,35
1551,4.29,35,,,,,,,,,,1551,4.29,35.52,,,,1551,1.29,35
1553,4.36,35,,,,,,,,,,1553,4.36,35.52,,,,1553,1.36,35
1555,4.36,35,,,,,,,,,,1555,4.36,35.52,,,,1555,1.36,35
1557,4.34,35,,,,,,,,,,1557,4.34,35.52,,,,1557,1.34,35
1559,4.28,35,,,,,,,,,,1559,4.28,35.52,,,,1559,1.28,35
1561,4.27,35,,,,,,,,,,1561,4.27,35.52,,,,1561,1.27,35
1563,4.34,35,,,,,,,,,,1563,4.34,35.52,,,,1563,1.34,35
1565,4.34,35,,,,,,,,,,1565,4.34,35.52,,,,1565,1.34,35
1567,4.31,35,,,,,,,,,,1567,4.31,35.52,,,,1567,1.31,35
1569,4.25,35,,,,,,,,,,1569,4.25,35.52,,,,1569,1.25,35
1571,4.25,35,,,,,,,,,,1571,4.25,35.52,,,,1571,1.25,35
1573,4.25,35,,,,,,,,,,1573,4.25,35.52,,,,1573,1.25,35
1575,4.23,35,,,,,,,,,,1575,4.23,35.52,,,,1575,1.23,35
1577,4.3,35,,,,,,,,,,1577,4.3,35.52,,,,1577,1.3,35
1579,4.27,35,,,,,,,,,,1579,4.27,35.52,,,,1579,1.27,35
1581,4.22,35,,,,,,,,,,1581,4.22,35.52,,,,1581,1.22,35
1583,4.21,35,,,,,,,,,,1583,4.21,35.52,,,,1583,1.21,35
1584,4.29,35,,,,,,,,,,1584,4.29,35.52,,,,1584,1.29,35
1585,4.21,35,,,,,,,,,,1585,4.21,35.52,,,,1585,1.21,35
1586,4.26,35,,,,,,,,,,1586,4.26,35.52,,,,1586,1.26,35
1587,4.2,35,,,,,,,,,,1587,4.2,35.52,,,,1587,1.2,35
1588,4.25,35,,,,,,,,,,1588,4.25,35.52,,,,1588,1.25,35
1590,4.25,35,,,,,,,,,,1590,4.25,35.52,,,,1590,1.25,35
1592,4.28,35,,,,,,,,,,1592,4.28,35.52,,,,1592,1.28,35
1594,4.24,35,,,,,,,,,,1594,4.24,35.52,,,,1594,1.24,35
1596,4.23,35,,,,,,,,,,1596,4.23,35.52,,,,1596,1.23,35
1598,4.17,35,,,,,,,,,,1598,4.17,35.52,,,,1598,1.17,35
1600,4.21,35,,,,,,,,,,1600,4.21,35.52,,,,1600,1.21,35
1602,4.16,35,,,,,,,,,,1602,4.16,35.52,,,,1602,1.16,35
1604,4.16,35,,,,,,,,,,1604,4.16,35.52,,,,1604,1.16,35
1606,4.23,35,,,,,,,,,,1606,4.23,35.52,,,,1606,1.23,35
1608,4.19,35,,,,,,,,,,1608,4.19,35.52,,,,1608,1.19,35
1610,4.15,35,,,,,,,,,,1610,4.15,35.52,,,,1610,1.15,35
1612,4.23,35,,,,,,,,,,1612,4.23,35.52,,,,1612,1.23,35
1614,4.23,35,,,,,,,,,,1614,4.23,35.52,,,,1614,1.23,35
1616,4.23,35,,,,,,,,,,1616,4.23,35.52,,,,1616,1.23,35
1618,4.14,35,,,,,,,,,,1618,4.14,35.52,,,,1618,1.14,35
1620,4.14,35,,,,,,,,,,1620,4.14,35.52,,,,1620,1.14,35
1622,4.16,35,,,,,,,,,,1622,4.16,35.52,,,,1622,1.16,35
1624,4.14,35,,,,,,,,,,1624,4.14,35.52,,,,1624,1.14,35
1626,4.13,35,,,,,,,,,,1626,4.13,35.52,,,,1626,1.13,35
1628,4.21,35,,,,,,,,,,1628,4.21,35.52,,,,1628,1.21,35
1630,4.15,34.99,,,,,,,,,,1630,4.15,35.51,,,,1630,1.15,34.99
1632,4.11,34.99,,,,,,,,,,1632,4.11,35.51,,,,1632,1.11,34.99
1634,4.2,34.99,,,,,,,,,,1634,4.2,35.51,,,,1634,1.2,34.99
1636,4.19,34.99,,,,,,,,,,1636,4.19,35.51,,,,1636,1.19,34.99
1638,4.14,35,,,,,,,,,,1638,4.14,35.52,,,,1638,1.14,35
1640,4.09,34.99,,,,,,,,,,1640,4.09,35.51,,,,1640,1.09,34.99
1642,4.13,35,,,,,,,,,,1642,4.13,35.52,,,,1642,1.13,35
1644,4.13,35,,,,,,,,,,1644,4.13,35.52,,,,1644,1.13,35
1646,4.08,34.99,,,,,,,,,,1646,4.08,35.51,,,,1646,1.08,34.99
1648,4.07,34.99,,,,,,,,,,1648,4.07,35.51,,,,1648,1.07,34.99
1650,4.11,34.99,,,,,,,,,,1650,4.11,35.51,,,,1650,1.11,34.99
1651,4.16,34.99,,,,,,,,,,1651,4.16,35.51,,,,1651,1.16,34.99
1652,4.11,35,,,,,,,,,,1652,4.11,35.52,,,,1652,1.11,35
1654,4.06,34.99,,,,,,,,,,1654,4.06,35.51,,,,1654,1.06,34.99
1656,4.06,34.99,,,,,,,,,,1656,4.06,35.51,,,,1656,1.06,34.99
1657,4.15,34.99,,,,,,,,,,1657,4.15,35.51,,,,1657,1.15,34.99
1658,4.05,34.99,,,,,,,,,,1658,4.05,35.51,,,,1658,1.05,34.99
1659,4.05,34.99,,,,,,,,,,1659,4.05,35.51,,,,1659,1.05,34.99
1661,4.04,34.99,,,,,,,,,,1661,4.04,35.51,,,,1661,1.04,34.99
1662,4.1,35,,,,,,,,,,1662,4.1,35.52,,,,1662,1.1,35
1663,4.03,34.99,,,,,,,,,,1663,4.03,35.51,,,,1663,1.03,34.99
1664,4.1,35,,,,,,,,,,1664,4.1,35.52,,,,1664,1.1,35
1665,4.09,35,,,,,,,,,,1665,4.09,35.52,,,,1665,1.09,35
1667,4.02,34.99,,,,,,,,,,1667,4.02,35.51,,,,1667,1.02,34.99
1669,4.02,34.99,,,,,,,,,,1669,4.02,35.51,,,,1669,1.02,34.99
1671,4.12,34.99,,,,,,,,,,1671,4.12,35.51,,,,1671,1.12,34.99
1673,4.11,34.99,,,,,,,,,,1673,4.11,35.51,,,,1673,1.11,34.99
1675,4.11,34.99,,,,,,,,,,1675,4.11,35.51,,,,1675,1.11,34.99
1677,4,34.99,,,,,,,,,,1677,4,35.51,,,,1677,1,34.99
1679,4.1,34.99,,,,,,,,,,1679,4.1,35.51,,,,1679,1.1,34.99
1681,4,34.99,,,,,,,,,,1681,4,35.51,,,,1681,1,34.99
1683,3.99,34.99,,,,,,,,,,1683,3.99,35.51,,,,1683,0.99,34.99
1685,4.05,35,,,,,,,,,,1685,4.05,35.52,,,,1685,1.05,35
1687,4.04,35,,,,,,,,,,1687,4.04,35.52,,,,1687,1.04,35
1689,3.98,34.99,,,,,,,,,,1689,3.98,35.51,,,,1689,0.98,34.99
1691,4.07,34.99,,,,,,,,,,1691,4.07,35.51,,,,1691,1.07,34.99
1693,3.98,34.99,,,,,,,,,,1693,3.98,35.51,,,,1693,0.98,34.99
1695,4.02,35,,,,,,,,,,1695,4.02,35.52,,,,1695,1.02,35
1697,3.97,34.99,,,,,,,,,,1697,3.97,35.51,,,,1697,0.97,34.99
1699,4.05,34.99,,,,,,,,,,1699,4.05,35.51,,,,1699,1.05,34.99
1701,4,35,,,,,,,,,,1701,4,35.52,,,,1701,1,35
1703,3.97,34.99,,,,,,,,,,1703,3.97,35.51,,,,1703,0.97,34.99
1705,4,35,,,,,,,,,,1705,4,35.52,,,,1705,1,35
1707,4.03,34.99,,,,,,,,,,1707,4.03,35.51,,,,1707,1.03,34.99
1709,3.99,35,,,,,,,,,,1709,3.99,35.52,,,,1709,0.99,35
1711,3.95,34.99,,,,,,,,,,1711,3.95,35.51,,,,1711,0.95,34.99
1713,3.95,34.99,,,,,,,,,,1713,3.95,35.51,,,,1713,0.95,34.99
1715,3.98,34.99,,,,,,,,,,1715,3.98,35.51,,,,1715,0.98,34.99
1717,3.95,34.99,,,,,,,,,,1717,3.95,35.51,,,,1717,0.95,34.99
1719,3.95,34.99,,,,,,,,,,1719,3.95,35.51,,,,1719,0.95,34.99
1721,4.03,34.99,,,,,,,,,,1721,4.03,35.51,,,,1721,1.03,34.99
1723,3.96,34.99,,,,,,,,,,1723,3.96,35.51,,,,1723,0.96,34.99
1724,3.96,34.99,,,,,,,,,,1724,3.96,35.51,,,,1724,0.96,34.99
1725,3.94,34.99,,,,,,,,,,1725,3.94,35.51,,,,1725,0.94,34.99
1727,3.95,34.99,,,,,,,,,,1727,3.95,35.51,,,,1727,0.95,34.99
1728,4.03,35,,,,,,,,,,1728,4.03,35.52,,,,1728,1.03,35
1729,3.95,34.99,,,,,,,,,,1729,3.95,35.51,,,,1729,0.95,34.99
1730,3.94,34.99,,,,,,,,,,1730,3.94,35.51,,,,1730,0.94,34.99
1732,3.94,34.99,,,,,,,,,,1732,3.94,35.51,,,,1732,0.94,34.99
1734,4.03,35,,,,,,,,,,1734,4.03,35.52,,,,1734,1.03,35
1736,3.92,34.99,,,,,,,,,,1736,3.92,35.51,,,,1736,0.92,34.99
1738,3.93,34.99,,,,,,,,,,1738,3.93,35.51,,,,1738,0.93,34.99
1740,3.92,34.99,,,,,,,,,,1740,3.92,35.51,,,,1740,0.92,34.99
1742,4.01,34.99,,,,,,,,,,1742,4.01,35.51,,,,1742,1.01,34.99
1744,3.92,34.99,,,,,,,,,,1744,3.92,35.51,,,,1744,0.92,34.99
1746,3.92,34.99,,,,,,,,,,1746,3.92,35.51,,,,1746,0.92,34.99
1748,4.01,34.99,,,,,,,,,,1748,4.01,35.51,,,,1748,1.01,34.99
1750,3.88,34.99,,,,,,,,,,1750,3.88,35.51,,,,1750,0.88,34.99
1752,3.91,34.99,,,,,,,,,,1752,3.91,35.51,,,,1752,0.91,34.99
1754,3.91,34.99,,,,,,,,,,1754,3.91,35.51,,,,1754,0.91,34.99
1756,3.98,34.99,,,,,,,,,,1756,3.98,35.51,,,,1756,0.98,34.99
1758,3.91,34.99,,,,,,,,,,1758,3.91,35.51,,,,1758,0.91,34.99
1760,3.87,34.99,,,,,,,,,,1760,3.87,35.51,,,,1760,0.87,34.99
1762,3.9,34.99,,,,,,,,,,1762,3.9,35.51,,,,1762,0.9,34.99
1764,3.87,34.99,,,,,,,,,,1764,3.87,35.51,,,,1764,0.87,34.99
1766,3.9,34.99,,,,,,,,,,1766,3.9,35.51,,,,1766,0.9,34.99
1768,3.89,34.99,,,,,,,,,,1768,3.89,35.51,,,,1768,0.89,34.99
1770,3.95,34.99,,,,,,,,,,1770,3.95,35.51,,,,1770,0.95,34.99
1772,3.89,34.99,,,,,,,,,,1772,3.89,35.51,,,,1772,0.89,34.99
1774,3.89,34.99,,,,,,,,,,1774,3.89,35.51,,,,1774,0.89,34.99
1776,3.94,34.99,,,,,,,,,,1776,3.94,35.51,,,,1776,0.94,34.99
1778,3.94,34.99,,,,,,,,,,1778,3.94,35.51,,,,1778,0.94,34.99
1780,3.88,34.99,,,,,,,,,,1780,3.88,35.51,,,,1780,0.88,34.99
1782,3.88,34.99,,,,,,,,,,1782,3.88,35.51,,,,1782,0.88,34.99
1784,3.93,34.99,,,,,,,,,,1784,3.93,35.51,,,,1784,0.93,34.99
1786,3.88,34.99,,,,,,,,,,1786,3.88,35.51,,,,1786,0.88,34.99
1788,3.88,34.99,,,,,,,,,,1788,3.88,35.51,,,,1788,0.88,34.99
1790,3.9,34.99,,,,,,,,,,1790,3.9,35.51,,,,1790,0.9,34.99
1792,3.84,34.99,,,,,,,,,,1792,3.84,35.51,,,,1792,0.84,34.99
1793,3.87,34.99,,,,,,,,,,1793,3.87,35.51,,,,1793,0.87,34.99
1794,3.83,34.99,,,,,,,,,,1794,3.83,35.51,,,,1794,0.83,34.99
1795,3.87,34.99,,,,,,,,,,1795,3.87,35.51,,,,1795,0.87,34.99
1796,3.82,34.99,,,,,,,,,,1796,3.82,35.51,,,,1796,0.82,34.99
1797,3.9,34.99,,,,,,,,,,1797,3.9,35.51,,,,1797,0.9,34.99
1798,3.87,34.99,,,,,,,,,,1798,3.87,35.51,,,,1798,0.87,34.99
1799,3.87,34.99,,,,,,,,,,1799,3.87,35.51,,,,1799,0.87,34.99
1801,3.86,34.99,,,,,,,,,,1801,3.86,35.51,,,,1801,0.86,34.99
1803,3.88,34.99,,,,,,,,,,1803,3.88,35.51,,,,1803,0.88,34.99
1805,3.8,34.99,,,,,,,,,,1805,3.8,35.51,,,,1805,0.8,34.99
1807,3.86,34.99,,,,,,,,,,1807,3.86,35.51,,,,1807,0.86,34.99
1809,3.85,34.99,,,,,,,,,,1809,3.85,35.51,,,,1809,0.85,34.99
1811,3.85,34.99,,,,,,,,,,1811,3.85,35.51,,,,1811,0.85,34.99
1813,3.85,34.99,,,,,,,,,,1813,3.85,35.51,,,,1813,0.85,34.99
1815,3.85,34.99,,,,,,,,,,1815,3.85,35.51,,,,1815,0.85,34.99
1817,3.86,34.99,,,,,,,,,,1817,3.86,35.51,,,,1817,0.86,34.99
1819,3.78,34.99,,,,,,,,,,1819,3.78,35.51,,,,1819,0.78,34.99
1821,3.83,34.99,,,,,,,,,,1821,3.83,35.51,,,,1821,0.83,34.99
1823,3.83,34.99,,,,,,,,,,1823,3.83,35.51,,,,1823,0.83,34.99
1825,3.82,34.99,,,,,,,,,,1825,3.82,35.51,,,,1825,0.82,34.99
1827,3.82,34.98,,,,,,,,,,1827,3.82,35.5,,,,1827,0.82,34.98
1829,3.82,34.99,,,,,,,,,,1829,3.82,35.51,,,,1829,0.82,34.99
1831,3.81,34.98,,,,,,,,,,1831,3.81,35.5,,,,1831,0.81,34.98
1833,3.75,34.99,,,,,,,,,,1833,3.75,35.51,,,,1833,0.75,34.99
1835,3.81,34.98,,,,,,,,,,1835,3.81,35.5,,,,1835,0.81,34.98
1837,3.81,34.98,,,,,,,,,,1837,3.81,35.5,,,,1837,0.81,34.98
1839,3.83,34.99,,,,,,,,,,1839,3.83,35.51,,,,1839,0.83,34.99
1841,3.81,34.98,,,,,,,,,,1841,3.81,35.5,,,,1841,0.81,34.98
1843,3.8,34.98,,,,,,,,,,1843,3.8,35.5,,,,1843,0.8,34.98
1845,3.8,34.98,,,,,,,,,,1845,3.8,35.5,,,,1845,0.8,34.98
1847,3.79,34.98,,,,,,,,,,1847,3.79,35.5,,,,1847,0.79,34.98
1849,3.79,34.98,,,,,,,,,,1849,3.79,35.5,,,,1849,0.79,34.98
1851,3.8,34.98,,,,,,,,,,1851,3.8,35.5,,,,1851,0.8,34.98
1853,3.72,34.98,,,,,,,,,,1853,3.72,35.5,,,,1853,0.72,34.98
1855,3.79,34.98,,,,,,,,,,1855,3.79,35.5,,,,1855,0.79,34.98
1857,3.79,34.98,,,,,,,,,,1857,3.79,35.5,,,,1857,0.79,34.98
1859,3.71,34.98,,,,,,,,,,1859,3.71,35.5,,,,1859,0.71,34.98
1861,3.78,34.98,,,,,,,,,,1861,3.78,35.5,,,,1861,0.78,34.98
1862,3.71,34.98,,,,,,,,,,1862,3.71,35.5,,,,1862,0.71,34.98
1863,3.78,34.98,,,,,,,,,,1863,3.78,35.5,,,,1863,0.78,34.98
1864,3.78,34.98,,,,,,,,,,1864,3.78,35.5,,,,1864,0.78,34.98
1865,3.77,34.98,,,,,,,,,,1865,3.77,35.5,,,,1865,0.77,34.98
1866,3.76,34.98,,,,,,,,,,1866,3.76,35.5,,,,1866,0.76,34.98
1867,3.78,34.98,,,,,,,,,,1867,3.78,35.5,,,,1867,0.78,34.98
1868,3.76,34.98,,,,,,,,,,1868,3.76,35.5,,,,1868,0.76,34.98
1870,3.77,34.98,,,,,,,,,,1870,3.77,35.5,,,,1870,0.77,34.98
1872,3.7,34.98,,,,,,,,,,1872,3.7,35.5,,,,1872,0.7,34.98
1874,3.74,34.98,,,,,,,,,,1874,3.74,35.5,,,,1874,0.74,34.98
1876,3.74,34.98,,,,,,,,,,1876,3.74,35.5,,,,1876,0.74,34.98
1878,3.75,34.98,,,,,,,,,,1878,3.75,35.5,,,,1878,0.75,34.98
1880,3.75,34.98,,,,,,,,,,1880,3.75,35.5,,,,1880,0.75,34.98
1882,3.68,34.98,,,,,,,,,,1882,3.68,35.5,,,,1882,0.68,34.98
1884,3.74,34.98,,,,,,,,,,1884,3.74,35.5,,,,1884,0.74,34.98
1886,3.74,34.98,,,,,,,,,,1886,3.74,35.5,,,,1886,0.74,34.98
1888,3.72,34.98,,,,,,,,,,1888,3.72,35.5,,,,1888,0.72,34.98
1890,3.73,34.98,,,,,,,,,,1890,3.73,35.5,,,,1890,0.73,34.98
1892,3.67,34.98,,,,,,,,,,1892,3.67,35.5,,,,1892,0.67,34.98
1894,3.72,34.98,,,,,,,,,,1894,3.72,35.5,,,,1894,0.72,34.98
1896,3.71,34.98,,,,,,,,,,1896,3.71,35.5,,,,1896,0.71,34.98
1898,3.66,34.98,,,,,,,,,,1898,3.66,35.5,,,,1898,0.66,34.98
1900,3.66,34.98,,,,,,,,,,1900,3.66,35.5,,,,1900,0.66,34.98
1902,3.71,34.98,,,,,,,,,,1902,3.71,35.5,,,,1902,0.71,34.98
1904,3.71,34.98,,,,,,,,,,1904,3.71,35.5,,,,1904,0.71,34.98
1906,3.71,34.98,,,,,,,,,,1906,3.71,35.5,,,,1906,0.71,34.98
1908,3.71,34.98,,,,,,,,,,1908,3.71,35.5,,,,1908,0.71,34.98
1910,3.71,34.98,,,,,,,,,,1910,3.71,35.5,,,,1910,0.71,34.98
1912,3.71,34.98,,,,,,,,,,1912,3.71,35.5,,,,1912,0.71,34.98
1914,3.7,34.98,,,,,,,,,,1914,3.7,35.5,,,,1914,0.7,34.98
1916,3.69,34.98,,,,,,,,,,1916,3.69,35.5,,,,1916,0.69,34.98
1918,3.7,34.98,,,,,,,,,,1918,3.7,35.5,,,,1918,0.7,34.98
1920,3.69,34.98,,,,,,,,,,1920,3.69,35.5,,,,1920,0.69,34.98
1922,3.68,34.98,,,,,,,,,,1922,3.68,35.5,,,,1922,0.68,34.98
1924,3.69,34.98,,,,,,,,,,1924,3.69,35.5,,,,1924,0.69,34.98
1926,3.63,34.98,,,,,,,,,,1926,3.63,35.5,,,,1926,0.63,34.98
1928,3.67,34.98,,,,,,,,,,1928,3.67,35.5,,,,1928,0.67,34.98
1929,3.68,34.98,,,,,,,,,,1929,3.68,35.5,,,,1929,0.68,34.98
1930,3.67,34.98,,,,,,,,,,1930,3.67,35.5,,,,1930,0.67,34.98
1931,3.63,34.98,,,,,,,,,,1931,3.63,35.5,,,,1931,0.63,34.98
1932,3.67,34.98,,,,,,,,,,1932,3.67,35.5,,,,1932,0.67,34.98
1933,3.62,34.98,,,,,,,,,,1933,3.62,35.5,,,,1933,0.62,34.98
1935,3.62,34.98,,,,,,,,,,1935,3.62,35.5,,,,1935,0.62,34.98
1937,3.67,34.98,,,,,,,,,,1937,3.67,35.5,,,,1937,0.67,34.98
1939,3.62,34.98,,,,,,,,,,1939,3.62,35.5,,,,1939,0.62,34.98
1941,3.65,34.98,,,,,,,,,,1941,3.65,35.5,,,,1941,0.65,34.98
1943,3.66,34.98,,,,,,,,,,1943,3.66,35.5,,,,1943,0.66,34.98
1945,3.6,34.98,,,,,,,,,,1945,3.6,35.5,,,,1945,0.6,34.98
1947,3.64,34.98,,,,,,,,,,1947,3.64,35.5,,,,1947,0.64,34.98
1949,3.6,34.98,,,,,,,,,,1949,3.6,35.5,,,,1949,0.6,34.98
1951,3.6,34.98,,,,,,,,,,1951,3.6,35.5,,,,1951,0.6,34.98
1953,3.63,34.98,,,,,,,,,,1953,3.63,35.5,,,,1953,0.63,34.98
1955,3.63,34.98,,,,,,,,,,1955,3.63,35.5,,,,1955,0.63,34.98
1957,3.64,34.98,,,,,,,,,,1957,3.64,35.5,,,,1957,0.64,34.98
1959,3.62,34.98,,,,,,,,,,1959,3.62,35.5,,,,1959,0.62,34.98
1961,3.62,34.98,,,,,,,,,,1961,3.62,35.5,,,,1961,0.62,34.98
1963,3.63,34.98,,,,,,,,,,1963,3.63,35.5,,,,1963,0.63,34.98
1965,3.58,34.98,,,,,,,,,,1965,3.58,35.5,,,,1965,0.58,34.98
1967,3.62,34.98,,,,,,,,,,1967,3.62,35.5,,,,1967,0.62,34.98
1969,3.63,34.98,,,,,,,,,,1969,3.63,35.5,,,,1969,0.63,34.98
1971,3.57,34.98,,,,,,,,,,1971,3.57,35.5,,,,1971,0.57,34.98
1973,3.61,34.98,,,,,,,,,,1973,3.61,35.5,,,,1973,0.61,34.98
1975,3.6,34.98,,,,,,,,,,1975,3.6,35.5,,,,1975,0.6,34.98
1977,3.62,34.98,,,,,,,,,,1977,3.62,35.5,,,,1977,0.62,34.98
1979,3.6,34.98,,,,,,,,,,1979,3.6,35.5,,,,1979,0.6,34.98
1981,3.6,34.98,,,,,,,,,,1981,3.6,35.5,,,,1981,0.6,34.98
1983,3.59,34.98,,,,,,,,,,1983,3.59,35.5,,,,1983,0.59,34.98
1985,3.55,34.98,,,,,,,,,,1985,3.55,35.5,,,,1985,0.55,34.98
1987,3.61,34.98,,,,,,,,,,1987,3.61,35.5,,,,1987,0.61,34.98
1989,3.61,34.98,,,,,,,,,,1989,3.61,35.5,,,,1989,0.61,34.98
1990,3.61,34.98,,,,,,,,,,1990,3.61,35.5,,,,1990,0.61,34.98
1991,3.54,34.98,,,,,,,,,,1991,3.54,35.5,,,,1991,0.54,34.98
1992,3.61,34.98,,,,,,,,,,1992,3.61,35.5,,,,1992,0.61,34.98
1993,3.58,34.98,,,,,,,,,,1993,3.58,35.5,,,,1993,0.58,34.98
1995,3.58,34.98,,,,,,,,,,1995,3.58,35.5,,,,1995,0.58,34.98
1996,3.58,34.98,,,,,,,,,,1996,3.58,35.5,,,,1996,0.58,34.98
1998,3.58,34.98,,,,,,,,,,1998,3.58,35.5,,,,1998,0.58,34.98
,,,,,,,,,,,,,,0.52,,,,,#SPILL!,
,,,,,,,,,,,,,,,,,,,#SPILL!,
